implementation_phase,phase_priority,city,service,tier,priority_score,current_coverage,estimated_competition,estimated_volume,url_slug,page_title
Phase 1,6,Raleigh,Acupuncture,1,1963,TRUE,Very High,Very High,/services/acupuncture/raleigh/,"Acupuncture in Raleigh, NC"
Phase 1,51,Greensboro,Acupuncture,1,1528,TRUE,Very High,Very High,/services/acupuncture/greensboro/,"Acupuncture in Greensboro, NC"
Phase 1,96,Durham,Acupuncture,1,1425,TRUE,Very High,Very High,/services/acupuncture/durham/,"Acupuncture in Durham, NC"
Phase 1,141,Cary,Acupuncture,1,1318,TRUE,Very High,Very High,/services/acupuncture/cary/,"Acupuncture in Cary, NC"
Phase 1,12,Raleigh,Addiction Counseling,1,1957,TRUE,Very High,Very High,/services/addiction-counseling/raleigh/,"Addiction Counseling in Raleigh, NC"
Phase 1,57,Greensboro,Addiction Counseling,1,1522,TRUE,Very High,Very High,/services/addiction-counseling/greensboro/,"Addiction Counseling in Greensboro, NC"
Phase 1,102,Durham,Addiction Counseling,1,1419,TRUE,Very High,Very High,/services/addiction-counseling/durham/,"Addiction Counseling in Durham, NC"
Phase 1,147,Cary,Addiction Counseling,1,1312,TRUE,Very High,Very High,/services/addiction-counseling/cary/,"Addiction Counseling in Cary, NC"
Phase 1,40,Raleigh,ADHD Treatment,1,1929,TRUE,Very High,Very High,/services/adhd-treatment/raleigh/,"ADHD Treatment in Raleigh, NC"
Phase 1,85,Greensboro,ADHD Treatment,1,1494,TRUE,Very High,Very High,/services/adhd-treatment/greensboro/,"ADHD Treatment in Greensboro, NC"
Phase 1,130,Durham,ADHD Treatment,1,1391,TRUE,Very High,Very High,/services/adhd-treatment/durham/,"ADHD Treatment in Durham, NC"
Phase 1,175,Cary,ADHD Treatment,1,1284,TRUE,Very High,Very High,/services/adhd-treatment/cary/,"ADHD Treatment in Cary, NC"
Phase 1,45,Raleigh,Alternative Medicine,1,1924,TRUE,Very High,Very High,/services/alternative-medicine/raleigh/,"Alternative Medicine in Raleigh, NC"
Phase 1,90,Greensboro,Alternative Medicine,1,1489,TRUE,Very High,Very High,/services/alternative-medicine/greensboro/,"Alternative Medicine in Greensboro, NC"
Phase 1,135,Durham,Alternative Medicine,1,1386,TRUE,Very High,Very High,/services/alternative-medicine/durham/,"Alternative Medicine in Durham, NC"
Phase 1,180,Cary,Alternative Medicine,1,1279,TRUE,Very High,Very High,/services/alternative-medicine/cary/,"Alternative Medicine in Cary, NC"
Phase 1,13,Raleigh,Anxiety Treatment,1,1956,TRUE,Very High,Very High,/services/anxiety-treatment/raleigh/,"Anxiety Treatment in Raleigh, NC"
Phase 1,58,Greensboro,Anxiety Treatment,1,1521,TRUE,Very High,Very High,/services/anxiety-treatment/greensboro/,"Anxiety Treatment in Greensboro, NC"
Phase 1,103,Durham,Anxiety Treatment,1,1418,TRUE,Very High,Very High,/services/anxiety-treatment/durham/,"Anxiety Treatment in Durham, NC"
Phase 1,148,Cary,Anxiety Treatment,1,1311,TRUE,Very High,Very High,/services/anxiety-treatment/cary/,"Anxiety Treatment in Cary, NC"
Phase 1,28,Raleigh,Arthritis Treatment,1,1941,TRUE,Very High,Very High,/services/arthritis-treatment/raleigh/,"Arthritis Treatment in Raleigh, NC"
Phase 1,73,Greensboro,Arthritis Treatment,1,1506,TRUE,Very High,Very High,/services/arthritis-treatment/greensboro/,"Arthritis Treatment in Greensboro, NC"
Phase 1,118,Durham,Arthritis Treatment,1,1403,TRUE,Very High,Very High,/services/arthritis-treatment/durham/,"Arthritis Treatment in Durham, NC"
Phase 1,163,Cary,Arthritis Treatment,1,1296,TRUE,Very High,Very High,/services/arthritis-treatment/cary/,"Arthritis Treatment in Cary, NC"
Phase 1,41,Raleigh,Autism Support,1,1928,TRUE,Very High,Very High,/services/autism-support/raleigh/,"Autism Support in Raleigh, NC"
Phase 1,86,Greensboro,Autism Support,1,1493,TRUE,Very High,Very High,/services/autism-support/greensboro/,"Autism Support in Greensboro, NC"
Phase 1,131,Durham,Autism Support,1,1390,TRUE,Very High,Very High,/services/autism-support/durham/,"Autism Support in Durham, NC"
Phase 1,176,Cary,Autism Support,1,1283,TRUE,Very High,Very High,/services/autism-support/cary/,"Autism Support in Cary, NC"
Phase 1,15,Raleigh,Back Pain Relief,1,1954,TRUE,Very High,Very High,/services/back-pain-relief/raleigh/,"Back Pain Relief in Raleigh, NC"
Phase 1,60,Greensboro,Back Pain Relief,1,1519,TRUE,Very High,Very High,/services/back-pain-relief/greensboro/,"Back Pain Relief in Greensboro, NC"
Phase 1,105,Durham,Back Pain Relief,1,1416,TRUE,Very High,Very High,/services/back-pain-relief/durham/,"Back Pain Relief in Durham, NC"
Phase 1,150,Cary,Back Pain Relief,1,1309,TRUE,Very High,Very High,/services/back-pain-relief/cary/,"Back Pain Relief in Cary, NC"
Phase 1,89,Greensboro,Behavioral Therapy,1,1490,TRUE,Very High,Very High,/services/behavioral-therapy/greensboro/,"Behavioral Therapy in Greensboro, NC"
Phase 1,134,Durham,Behavioral Therapy,1,1387,TRUE,Very High,Very High,/services/behavioral-therapy/durham/,"Behavioral Therapy in Durham, NC"
Phase 1,179,Cary,Behavioral Therapy,1,1280,TRUE,Very High,Very High,/services/behavioral-therapy/cary/,"Behavioral Therapy in Cary, NC"
Phase 1,22,Raleigh,Chronic Pain Management,1,1947,TRUE,Very High,Very High,/services/chronic-pain-management/raleigh/,"Chronic Pain Management in Raleigh, NC"
Phase 1,67,Greensboro,Chronic Pain Management,1,1512,TRUE,Very High,Very High,/services/chronic-pain-management/greensboro/,"Chronic Pain Management in Greensboro, NC"
Phase 1,112,Durham,Chronic Pain Management,1,1409,TRUE,Very High,Very High,/services/chronic-pain-management/durham/,"Chronic Pain Management in Durham, NC"
Phase 1,157,Cary,Chronic Pain Management,1,1302,TRUE,Very High,Very High,/services/chronic-pain-management/cary/,"Chronic Pain Management in Cary, NC"
Phase 1,37,Raleigh,Detox Programs,1,1932,TRUE,Very High,Very High,/services/detox-programs/raleigh/,"Detox Programs in Raleigh, NC"
Phase 1,82,Greensboro,Detox Programs,1,1497,TRUE,Very High,Very High,/services/detox-programs/greensboro/,"Detox Programs in Greensboro, NC"
Phase 1,127,Durham,Detox Programs,1,1394,TRUE,Very High,Very High,/services/detox-programs/durham/,"Detox Programs in Durham, NC"
Phase 1,172,Cary,Detox Programs,1,1287,TRUE,Very High,Very High,/services/detox-programs/cary/,"Detox Programs in Cary, NC"
Phase 1,38,Raleigh,Fibromyalgia Treatment,1,1931,TRUE,Very High,Very High,/services/fibromyalgia-treatment/raleigh/,"Fibromyalgia Treatment in Raleigh, NC"
Phase 1,83,Greensboro,Fibromyalgia Treatment,1,1496,TRUE,Very High,Very High,/services/fibromyalgia-treatment/greensboro/,"Fibromyalgia Treatment in Greensboro, NC"
Phase 1,128,Durham,Fibromyalgia Treatment,1,1393,TRUE,Very High,Very High,/services/fibromyalgia-treatment/durham/,"Fibromyalgia Treatment in Durham, NC"
Phase 1,173,Cary,Fibromyalgia Treatment,1,1286,TRUE,Very High,Very High,/services/fibromyalgia-treatment/cary/,"Fibromyalgia Treatment in Cary, NC"
Phase 1,34,Raleigh,Geriatric Care,1,1935,TRUE,Very High,Very High,/services/geriatric-care/raleigh/,"Geriatric Care in Raleigh, NC"
Phase 1,79,Greensboro,Geriatric Care,1,1500,TRUE,Very High,Very High,/services/geriatric-care/greensboro/,"Geriatric Care in Greensboro, NC"
Phase 1,124,Durham,Geriatric Care,1,1397,TRUE,Very High,Very High,/services/geriatric-care/durham/,"Geriatric Care in Durham, NC"
Phase 1,169,Cary,Geriatric Care,1,1290,TRUE,Very High,Very High,/services/geriatric-care/cary/,"Geriatric Care in Cary, NC"
Phase 1,30,Raleigh,Headache Treatment,1,1939,TRUE,Very High,Very High,/services/headache-treatment/raleigh/,"Headache Treatment in Raleigh, NC"
Phase 1,75,Greensboro,Headache Treatment,1,1504,TRUE,Very High,Very High,/services/headache-treatment/greensboro/,"Headache Treatment in Greensboro, NC"
Phase 1,120,Durham,Headache Treatment,1,1401,TRUE,Very High,Very High,/services/headache-treatment/durham/,"Headache Treatment in Durham, NC"
Phase 1,165,Cary,Headache Treatment,1,1294,TRUE,Very High,Very High,/services/headache-treatment/cary/,"Headache Treatment in Cary, NC"
Phase 1,26,Raleigh,Hormone Therapy,1,1943,TRUE,Very High,Very High,/services/hormone-therapy/raleigh/,"Hormone Therapy in Raleigh, NC"
Phase 1,71,Greensboro,Hormone Therapy,1,1508,TRUE,Very High,Very High,/services/hormone-therapy/greensboro/,"Hormone Therapy in Greensboro, NC"
Phase 1,116,Durham,Hormone Therapy,1,1405,TRUE,Very High,Very High,/services/hormone-therapy/durham/,"Hormone Therapy in Durham, NC"
Phase 1,161,Cary,Hormone Therapy,1,1298,TRUE,Very High,Very High,/services/hormone-therapy/cary/,"Hormone Therapy in Cary, NC"
Phase 1,42,Raleigh,Learning Disabilities,1,1927,TRUE,Very High,Very High,/services/learning-disabilities/raleigh/,"Learning Disabilities in Raleigh, NC"
Phase 1,87,Greensboro,Learning Disabilities,1,1492,TRUE,Very High,Very High,/services/learning-disabilities/greensboro/,"Learning Disabilities in Greensboro, NC"
Phase 1,132,Durham,Learning Disabilities,1,1389,TRUE,Very High,Very High,/services/learning-disabilities/durham/,"Learning Disabilities in Durham, NC"
Phase 1,177,Cary,Learning Disabilities,1,1282,TRUE,Very High,Very High,/services/learning-disabilities/cary/,"Learning Disabilities in Cary, NC"
Phase 1,3,Raleigh,Massage Therapy,1,1966,TRUE,Very High,Very High,/services/massage-therapy/raleigh/,"Massage Therapy in Raleigh, NC"
Phase 1,48,Greensboro,Massage Therapy,1,1531,TRUE,Very High,Very High,/services/massage-therapy/greensboro/,"Massage Therapy in Greensboro, NC"
Phase 1,93,Durham,Massage Therapy,1,1428,TRUE,Very High,Very High,/services/massage-therapy/durham/,"Massage Therapy in Durham, NC"
Phase 1,138,Cary,Massage Therapy,1,1321,TRUE,Very High,Very High,/services/massage-therapy/cary/,"Massage Therapy in Cary, NC"
Phase 1,31,Raleigh,Meditation,1,1938,TRUE,Very High,Very High,/services/meditation/raleigh/,"Meditation in Raleigh, NC"
Phase 1,76,Greensboro,Meditation,1,1503,TRUE,Very High,Very High,/services/meditation/greensboro/,"Meditation in Greensboro, NC"
Phase 1,121,Durham,Meditation,1,1400,TRUE,Very High,Very High,/services/meditation/durham/,"Meditation in Durham, NC"
Phase 1,166,Cary,Meditation,1,1293,TRUE,Very High,Very High,/services/meditation/cary/,"Meditation in Cary, NC"
Phase 1,24,Raleigh,Men's Health,1,1945,TRUE,Very High,Very High,/services/men's-health/raleigh/,"Men's Health in Raleigh, NC"
Phase 1,69,Greensboro,Men's Health,1,1510,TRUE,Very High,Very High,/services/men's-health/greensboro/,"Men's Health in Greensboro, NC"
Phase 1,114,Durham,Men's Health,1,1407,TRUE,Very High,Very High,/services/men's-health/durham/,"Men's Health in Durham, NC"
Phase 1,159,Cary,Men's Health,1,1300,TRUE,Very High,Very High,/services/men's-health/cary/,"Men's Health in Cary, NC"
Phase 1,29,Raleigh,Neck Pain Treatment,1,1940,TRUE,Very High,Very High,/services/neck-pain-treatment/raleigh/,"Neck Pain Treatment in Raleigh, NC"
Phase 1,74,Greensboro,Neck Pain Treatment,1,1505,TRUE,Very High,Very High,/services/neck-pain-treatment/greensboro/,"Neck Pain Treatment in Greensboro, NC"
Phase 1,119,Durham,Neck Pain Treatment,1,1402,TRUE,Very High,Very High,/services/neck-pain-treatment/durham/,"Neck Pain Treatment in Durham, NC"
Phase 1,164,Cary,Neck Pain Treatment,1,1295,TRUE,Very High,Very High,/services/neck-pain-treatment/cary/,"Neck Pain Treatment in Cary, NC"
Phase 1,10,Raleigh,Nutrition Counseling,1,1959,TRUE,Very High,Very High,/services/nutrition-counseling/raleigh/,"Nutrition Counseling in Raleigh, NC"
Phase 1,55,Greensboro,Nutrition Counseling,1,1524,TRUE,Very High,Very High,/services/nutrition-counseling/greensboro/,"Nutrition Counseling in Greensboro, NC"
Phase 1,100,Durham,Nutrition Counseling,1,1421,TRUE,Very High,Very High,/services/nutrition-counseling/durham/,"Nutrition Counseling in Durham, NC"
Phase 1,145,Cary,Nutrition Counseling,1,1314,TRUE,Very High,Very High,/services/nutrition-counseling/cary/,"Nutrition Counseling in Cary, NC"
Phase 1,54,Greensboro,Occupational Therapy,1,1525,TRUE,Very High,Very High,/services/occupational-therapy/greensboro/,"Occupational Therapy in Greensboro, NC"
Phase 1,99,Durham,Occupational Therapy,1,1422,TRUE,Very High,Very High,/services/occupational-therapy/durham/,"Occupational Therapy in Durham, NC"
Phase 1,144,Cary,Occupational Therapy,1,1315,TRUE,Very High,Very High,/services/occupational-therapy/cary/,"Occupational Therapy in Cary, NC"
Phase 1,5,Raleigh,Pain Management,1,1964,TRUE,Very High,Very High,/services/pain-management/raleigh/,"Pain Management in Raleigh, NC"
Phase 1,50,Greensboro,Pain Management,1,1529,TRUE,Very High,Very High,/services/pain-management/greensboro/,"Pain Management in Greensboro, NC"
Phase 1,95,Durham,Pain Management,1,1426,TRUE,Very High,Very High,/services/pain-management/durham/,"Pain Management in Durham, NC"
Phase 1,140,Cary,Pain Management,1,1319,TRUE,Very High,Very High,/services/pain-management/cary/,"Pain Management in Cary, NC"
Phase 1,33,Raleigh,Pediatric Therapy,1,1936,TRUE,Very High,Very High,/services/pediatric-therapy/raleigh/,"Pediatric Therapy in Raleigh, NC"
Phase 1,78,Greensboro,Pediatric Therapy,1,1501,TRUE,Very High,Very High,/services/pediatric-therapy/greensboro/,"Pediatric Therapy in Greensboro, NC"
Phase 1,123,Durham,Pediatric Therapy,1,1398,TRUE,Very High,Very High,/services/pediatric-therapy/durham/,"Pediatric Therapy in Durham, NC"
Phase 1,168,Cary,Pediatric Therapy,1,1291,TRUE,Very High,Very High,/services/pediatric-therapy/cary/,"Pediatric Therapy in Cary, NC"
Phase 1,2,Raleigh,Physical Therapy,1,1967,TRUE,Very High,Very High,/services/physical-therapy/raleigh/,"Physical Therapy in Raleigh, NC"
Phase 1,47,Greensboro,Physical Therapy,1,1532,TRUE,Very High,Very High,/services/physical-therapy/greensboro/,"Physical Therapy in Greensboro, NC"
Phase 1,92,Durham,Physical Therapy,1,1429,TRUE,Very High,Very High,/services/physical-therapy/durham/,"Physical Therapy in Durham, NC"
Phase 1,137,Cary,Physical Therapy,1,1322,TRUE,Very High,Very High,/services/physical-therapy/cary/,"Physical Therapy in Cary, NC"
Phase 1,35,Raleigh,Postpartum Care,1,1934,TRUE,Very High,Very High,/services/postpartum-care/raleigh/,"Postpartum Care in Raleigh, NC"
Phase 1,80,Greensboro,Postpartum Care,1,1499,TRUE,Very High,Very High,/services/postpartum-care/greensboro/,"Postpartum Care in Greensboro, NC"
Phase 1,125,Durham,Postpartum Care,1,1396,TRUE,Very High,Very High,/services/postpartum-care/durham/,"Postpartum Care in Durham, NC"
Phase 1,170,Cary,Postpartum Care,1,1289,TRUE,Very High,Very High,/services/postpartum-care/cary/,"Postpartum Care in Cary, NC"
Phase 1,25,Raleigh,Prenatal Care,1,1944,TRUE,Very High,Very High,/services/prenatal-care/raleigh/,"Prenatal Care in Raleigh, NC"
Phase 1,70,Greensboro,Prenatal Care,1,1509,TRUE,Very High,Very High,/services/prenatal-care/greensboro/,"Prenatal Care in Greensboro, NC"
Phase 1,115,Durham,Prenatal Care,1,1406,TRUE,Very High,Very High,/services/prenatal-care/durham/,"Prenatal Care in Durham, NC"
Phase 1,160,Cary,Prenatal Care,1,1299,TRUE,Very High,Very High,/services/prenatal-care/cary/,"Prenatal Care in Cary, NC"
Phase 1,39,Raleigh,PTSD Therapy,1,1930,TRUE,Very High,Very High,/services/ptsd-therapy/raleigh/,"PTSD Therapy in Raleigh, NC"
Phase 1,84,Greensboro,PTSD Therapy,1,1495,TRUE,Very High,Very High,/services/ptsd-therapy/greensboro/,"PTSD Therapy in Greensboro, NC"
Phase 1,129,Durham,PTSD Therapy,1,1392,TRUE,Very High,Very High,/services/ptsd-therapy/durham/,"PTSD Therapy in Durham, NC"
Phase 1,174,Cary,PTSD Therapy,1,1285,TRUE,Very High,Very High,/services/ptsd-therapy/cary/,"PTSD Therapy in Cary, NC"
Phase 1,27,Raleigh,Rehabilitation,1,1942,TRUE,Very High,Very High,/services/rehabilitation/raleigh/,"Rehabilitation in Raleigh, NC"
Phase 1,72,Greensboro,Rehabilitation,1,1507,TRUE,Very High,Very High,/services/rehabilitation/greensboro/,"Rehabilitation in Greensboro, NC"
Phase 1,117,Durham,Rehabilitation,1,1404,TRUE,Very High,Very High,/services/rehabilitation/durham/,"Rehabilitation in Durham, NC"
Phase 1,162,Cary,Rehabilitation,1,1297,TRUE,Very High,Very High,/services/rehabilitation/cary/,"Rehabilitation in Cary, NC"
Phase 1,19,Raleigh,Sleep Therapy,1,1950,TRUE,Very High,Very High,/services/sleep-therapy/raleigh/,"Sleep Therapy in Raleigh, NC"
Phase 1,109,Durham,Sleep Therapy,1,1412,TRUE,Very High,Very High,/services/sleep-therapy/durham/,"Sleep Therapy in Durham, NC"
Phase 1,154,Cary,Sleep Therapy,1,1305,TRUE,Very High,Very High,/services/sleep-therapy/cary/,"Sleep Therapy in Cary, NC"
Phase 1,8,Raleigh,Sports Medicine,1,1961,TRUE,Very High,Very High,/services/sports-medicine/raleigh/,"Sports Medicine in Raleigh, NC"
Phase 1,53,Greensboro,Sports Medicine,1,1526,TRUE,Very High,Very High,/services/sports-medicine/greensboro/,"Sports Medicine in Greensboro, NC"
Phase 1,98,Durham,Sports Medicine,1,1423,TRUE,Very High,Very High,/services/sports-medicine/durham/,"Sports Medicine in Durham, NC"
Phase 1,143,Cary,Sports Medicine,1,1316,TRUE,Very High,Very High,/services/sports-medicine/cary/,"Sports Medicine in Cary, NC"
Phase 1,18,Raleigh,Stress Management,1,1951,TRUE,Very High,Very High,/services/stress-management/raleigh/,"Stress Management in Raleigh, NC"
Phase 1,63,Greensboro,Stress Management,1,1516,TRUE,Very High,Very High,/services/stress-management/greensboro/,"Stress Management in Greensboro, NC"
Phase 1,108,Durham,Stress Management,1,1413,TRUE,Very High,Very High,/services/stress-management/durham/,"Stress Management in Durham, NC"
Phase 1,153,Cary,Stress Management,1,1306,TRUE,Very High,Very High,/services/stress-management/cary/,"Stress Management in Cary, NC"
Phase 1,7,Raleigh,Weight Loss,1,1962,TRUE,Very High,Very High,/services/weight-loss/raleigh/,"Weight Loss in Raleigh, NC"
Phase 1,52,Greensboro,Weight Loss,1,1527,TRUE,Very High,Very High,/services/weight-loss/greensboro/,"Weight Loss in Greensboro, NC"
Phase 1,97,Durham,Weight Loss,1,1424,TRUE,Very High,Very High,/services/weight-loss/durham/,"Weight Loss in Durham, NC"
Phase 1,142,Cary,Weight Loss,1,1317,TRUE,Very High,Very High,/services/weight-loss/cary/,"Weight Loss in Cary, NC"
Phase 1,16,Raleigh,Wellness Coaching,1,1953,TRUE,Very High,Very High,/services/wellness-coaching/raleigh/,"Wellness Coaching in Raleigh, NC"
Phase 1,61,Greensboro,Wellness Coaching,1,1518,TRUE,Very High,Very High,/services/wellness-coaching/greensboro/,"Wellness Coaching in Greensboro, NC"
Phase 1,106,Durham,Wellness Coaching,1,1415,TRUE,Very High,Very High,/services/wellness-coaching/durham/,"Wellness Coaching in Durham, NC"
Phase 1,151,Cary,Wellness Coaching,1,1308,TRUE,Very High,Very High,/services/wellness-coaching/cary/,"Wellness Coaching in Cary, NC"
Phase 1,23,Raleigh,Women's Health,1,1946,TRUE,Very High,Very High,/services/women's-health/raleigh/,"Women's Health in Raleigh, NC"
Phase 1,68,Greensboro,Women's Health,1,1511,TRUE,Very High,Very High,/services/women's-health/greensboro/,"Women's Health in Greensboro, NC"
Phase 1,113,Durham,Women's Health,1,1408,TRUE,Very High,Very High,/services/women's-health/durham/,"Women's Health in Durham, NC"
Phase 1,158,Cary,Women's Health,1,1301,TRUE,Very High,Very High,/services/women's-health/cary/,"Women's Health in Cary, NC"
Phase 1,17,Raleigh,Yoga Therapy,1,1952,TRUE,Very High,Very High,/services/yoga-therapy/raleigh/,"Yoga Therapy in Raleigh, NC"
Phase 1,62,Greensboro,Yoga Therapy,1,1517,TRUE,Very High,Very High,/services/yoga-therapy/greensboro/,"Yoga Therapy in Greensboro, NC"
Phase 1,107,Durham,Yoga Therapy,1,1414,TRUE,Very High,Very High,/services/yoga-therapy/durham/,"Yoga Therapy in Durham, NC"
Phase 1,152,Cary,Yoga Therapy,1,1307,TRUE,Very High,Very High,/services/yoga-therapy/cary/,"Yoga Therapy in Cary, NC"
Phase 2,5,Wake Forest,Acupuncture,1,1224,TRUE,Very High,Very High,/services/acupuncture/wake-forest/,"Acupuncture in Wake Forest, NC"
Phase 2,15,Chapel Hill,Acupuncture,1,1214,TRUE,Very High,Very High,/services/acupuncture/chapel-hill/,"Acupuncture in Chapel Hill, NC"
Phase 2,15,Apex,Acupuncture,1,1214,TRUE,Very High,Very High,/services/acupuncture/apex/,"Acupuncture in Apex, NC"
Phase 2,27,Fuquay Varina,Acupuncture,1,1202,TRUE,Very High,Very High,/services/acupuncture/fuquay-varina/,"Acupuncture in Fuquay Varina, NC"
Phase 2,42,Clayton,Acupuncture,1,1187,TRUE,Very High,Very High,/services/acupuncture/clayton/,"Acupuncture in Clayton, NC"
Phase 2,50,Burlington,Acupuncture,1,1179,TRUE,Very High,Very High,/services/acupuncture/burlington/,"Acupuncture in Burlington, NC"
Phase 2,11,Wake Forest,Addiction Counseling,1,1218,TRUE,Very High,Very High,/services/addiction-counseling/wake-forest/,"Addiction Counseling in Wake Forest, NC"
Phase 2,21,Chapel Hill,Addiction Counseling,1,1208,TRUE,Very High,Very High,/services/addiction-counseling/chapel-hill/,"Addiction Counseling in Chapel Hill, NC"
Phase 2,21,Apex,Addiction Counseling,1,1208,TRUE,Very High,Very High,/services/addiction-counseling/apex/,"Addiction Counseling in Apex, NC"
Phase 2,33,Fuquay Varina,Addiction Counseling,1,1196,TRUE,Very High,Very High,/services/addiction-counseling/fuquay-varina/,"Addiction Counseling in Fuquay Varina, NC"
Phase 2,48,Clayton,Addiction Counseling,1,1181,TRUE,Very High,Very High,/services/addiction-counseling/clayton/,"Addiction Counseling in Clayton, NC"
Phase 2,39,Wake Forest,ADHD Treatment,1,1190,TRUE,Very High,Very High,/services/adhd-treatment/wake-forest/,"ADHD Treatment in Wake Forest, NC"
Phase 2,49,Chapel Hill,ADHD Treatment,1,1180,TRUE,Very High,Very High,/services/adhd-treatment/chapel-hill/,"ADHD Treatment in Chapel Hill, NC"
Phase 2,49,Apex,ADHD Treatment,1,1180,TRUE,Very High,Very High,/services/adhd-treatment/apex/,"ADHD Treatment in Apex, NC"
Phase 2,44,Wake Forest,Alternative Medicine,1,1185,TRUE,Very High,Very High,/services/alternative-medicine/wake-forest/,"Alternative Medicine in Wake Forest, NC"
Phase 2,12,Wake Forest,Anxiety Treatment,1,1217,TRUE,Very High,Very High,/services/anxiety-treatment/wake-forest/,"Anxiety Treatment in Wake Forest, NC"
Phase 2,22,Chapel Hill,Anxiety Treatment,1,1207,TRUE,Very High,Very High,/services/anxiety-treatment/chapel-hill/,"Anxiety Treatment in Chapel Hill, NC"
Phase 2,22,Apex,Anxiety Treatment,1,1207,TRUE,Very High,Very High,/services/anxiety-treatment/apex/,"Anxiety Treatment in Apex, NC"
Phase 2,34,Fuquay Varina,Anxiety Treatment,1,1195,TRUE,Very High,Very High,/services/anxiety-treatment/fuquay-varina/,"Anxiety Treatment in Fuquay Varina, NC"
Phase 2,49,Clayton,Anxiety Treatment,1,1180,TRUE,Very High,Very High,/services/anxiety-treatment/clayton/,"Anxiety Treatment in Clayton, NC"
Phase 2,27,Wake Forest,Arthritis Treatment,1,1202,TRUE,Very High,Very High,/services/arthritis-treatment/wake-forest/,"Arthritis Treatment in Wake Forest, NC"
Phase 2,37,Chapel Hill,Arthritis Treatment,1,1192,TRUE,Very High,Very High,/services/arthritis-treatment/chapel-hill/,"Arthritis Treatment in Chapel Hill, NC"
Phase 2,37,Apex,Arthritis Treatment,1,1192,TRUE,Very High,Very High,/services/arthritis-treatment/apex/,"Arthritis Treatment in Apex, NC"
Phase 2,49,Fuquay Varina,Arthritis Treatment,1,1180,TRUE,Very High,Very High,/services/arthritis-treatment/fuquay-varina/,"Arthritis Treatment in Fuquay Varina, NC"
Phase 2,40,Wake Forest,Autism Support,1,1189,TRUE,Very High,Very High,/services/autism-support/wake-forest/,"Autism Support in Wake Forest, NC"
Phase 2,50,Chapel Hill,Autism Support,1,1179,TRUE,Very High,Very High,/services/autism-support/chapel-hill/,"Autism Support in Chapel Hill, NC"
Phase 2,50,Apex,Autism Support,1,1179,TRUE,Very High,Very High,/services/autism-support/apex/,"Autism Support in Apex, NC"
Phase 2,14,Wake Forest,Back Pain Relief,1,1215,TRUE,Very High,Very High,/services/back-pain-relief/wake-forest/,"Back Pain Relief in Wake Forest, NC"
Phase 2,24,Chapel Hill,Back Pain Relief,1,1205,TRUE,Very High,Very High,/services/back-pain-relief/chapel-hill/,"Back Pain Relief in Chapel Hill, NC"
Phase 2,24,Apex,Back Pain Relief,1,1205,TRUE,Very High,Very High,/services/back-pain-relief/apex/,"Back Pain Relief in Apex, NC"
Phase 2,36,Fuquay Varina,Back Pain Relief,1,1193,TRUE,Very High,Very High,/services/back-pain-relief/fuquay-varina/,"Back Pain Relief in Fuquay Varina, NC"
Phase 2,51,Clayton,Back Pain Relief,1,1178,TRUE,Very High,Very High,/services/back-pain-relief/clayton/,"Back Pain Relief in Clayton, NC"
Phase 2,43,Wake Forest,Behavioral Therapy,1,1186,TRUE,Very High,Very High,/services/behavioral-therapy/wake-forest/,"Behavioral Therapy in Wake Forest, NC"
Phase 2,21,Wake Forest,Chronic Pain Management,1,1208,TRUE,Very High,Very High,/services/chronic-pain-management/wake-forest/,"Chronic Pain Management in Wake Forest, NC"
Phase 2,31,Chapel Hill,Chronic Pain Management,1,1198,TRUE,Very High,Very High,/services/chronic-pain-management/chapel-hill/,"Chronic Pain Management in Chapel Hill, NC"
Phase 2,31,Apex,Chronic Pain Management,1,1198,TRUE,Very High,Very High,/services/chronic-pain-management/apex/,"Chronic Pain Management in Apex, NC"
Phase 2,43,Fuquay Varina,Chronic Pain Management,1,1186,TRUE,Very High,Very High,/services/chronic-pain-management/fuquay-varina/,"Chronic Pain Management in Fuquay Varina, NC"
Phase 2,36,Wake Forest,Detox Programs,1,1193,TRUE,Very High,Very High,/services/detox-programs/wake-forest/,"Detox Programs in Wake Forest, NC"
Phase 2,46,Chapel Hill,Detox Programs,1,1183,TRUE,Very High,Very High,/services/detox-programs/chapel-hill/,"Detox Programs in Chapel Hill, NC"
Phase 2,46,Apex,Detox Programs,1,1183,TRUE,Very High,Very High,/services/detox-programs/apex/,"Detox Programs in Apex, NC"
Phase 2,37,Wake Forest,Fibromyalgia Treatment,1,1192,TRUE,Very High,Very High,/services/fibromyalgia-treatment/wake-forest/,"Fibromyalgia Treatment in Wake Forest, NC"
Phase 2,47,Chapel Hill,Fibromyalgia Treatment,1,1182,TRUE,Very High,Very High,/services/fibromyalgia-treatment/chapel-hill/,"Fibromyalgia Treatment in Chapel Hill, NC"
Phase 2,47,Apex,Fibromyalgia Treatment,1,1182,TRUE,Very High,Very High,/services/fibromyalgia-treatment/apex/,"Fibromyalgia Treatment in Apex, NC"
Phase 2,33,Wake Forest,Geriatric Care,1,1196,TRUE,Very High,Very High,/services/geriatric-care/wake-forest/,"Geriatric Care in Wake Forest, NC"
Phase 2,43,Chapel Hill,Geriatric Care,1,1186,TRUE,Very High,Very High,/services/geriatric-care/chapel-hill/,"Geriatric Care in Chapel Hill, NC"
Phase 2,43,Apex,Geriatric Care,1,1186,TRUE,Very High,Very High,/services/geriatric-care/apex/,"Geriatric Care in Apex, NC"
Phase 2,29,Wake Forest,Headache Treatment,1,1200,TRUE,Very High,Very High,/services/headache-treatment/wake-forest/,"Headache Treatment in Wake Forest, NC"
Phase 2,39,Chapel Hill,Headache Treatment,1,1190,TRUE,Very High,Very High,/services/headache-treatment/chapel-hill/,"Headache Treatment in Chapel Hill, NC"
Phase 2,39,Apex,Headache Treatment,1,1190,TRUE,Very High,Very High,/services/headache-treatment/apex/,"Headache Treatment in Apex, NC"
Phase 2,51,Fuquay Varina,Headache Treatment,1,1178,TRUE,Very High,Very High,/services/headache-treatment/fuquay-varina/,"Headache Treatment in Fuquay Varina, NC"
Phase 2,25,Wake Forest,Hormone Therapy,1,1204,TRUE,Very High,Very High,/services/hormone-therapy/wake-forest/,"Hormone Therapy in Wake Forest, NC"
Phase 2,35,Chapel Hill,Hormone Therapy,1,1194,TRUE,Very High,Very High,/services/hormone-therapy/chapel-hill/,"Hormone Therapy in Chapel Hill, NC"
Phase 2,35,Apex,Hormone Therapy,1,1194,TRUE,Very High,Very High,/services/hormone-therapy/apex/,"Hormone Therapy in Apex, NC"
Phase 2,47,Fuquay Varina,Hormone Therapy,1,1182,TRUE,Very High,Very High,/services/hormone-therapy/fuquay-varina/,"Hormone Therapy in Fuquay Varina, NC"
Phase 2,41,Wake Forest,Learning Disabilities,1,1188,TRUE,Very High,Very High,/services/learning-disabilities/wake-forest/,"Learning Disabilities in Wake Forest, NC"
Phase 2,51,Chapel Hill,Learning Disabilities,1,1178,TRUE,Very High,Very High,/services/learning-disabilities/chapel-hill/,"Learning Disabilities in Chapel Hill, NC"
Phase 2,51,Apex,Learning Disabilities,1,1178,TRUE,Very High,Very High,/services/learning-disabilities/apex/,"Learning Disabilities in Apex, NC"
Phase 2,2,Wake Forest,Massage Therapy,1,1227,TRUE,Very High,Very High,/services/massage-therapy/wake-forest/,"Massage Therapy in Wake Forest, NC"
Phase 2,12,Chapel Hill,Massage Therapy,1,1217,TRUE,Very High,Very High,/services/massage-therapy/chapel-hill/,"Massage Therapy in Chapel Hill, NC"
Phase 2,12,Apex,Massage Therapy,1,1217,TRUE,Very High,Very High,/services/massage-therapy/apex/,"Massage Therapy in Apex, NC"
Phase 2,24,Fuquay Varina,Massage Therapy,1,1205,TRUE,Very High,Very High,/services/massage-therapy/fuquay-varina/,"Massage Therapy in Fuquay Varina, NC"
Phase 2,39,Clayton,Massage Therapy,1,1190,TRUE,Very High,Very High,/services/massage-therapy/clayton/,"Massage Therapy in Clayton, NC"
Phase 2,47,Burlington,Massage Therapy,1,1182,TRUE,Very High,Very High,/services/massage-therapy/burlington/,"Massage Therapy in Burlington, NC"
Phase 2,51,Sanford,Massage Therapy,1,1178,TRUE,Very High,Very High,/services/massage-therapy/sanford/,"Massage Therapy in Sanford, NC"
Phase 2,30,Wake Forest,Meditation,1,1199,TRUE,Very High,Very High,/services/meditation/wake-forest/,"Meditation in Wake Forest, NC"
Phase 2,40,Chapel Hill,Meditation,1,1189,TRUE,Very High,Very High,/services/meditation/chapel-hill/,"Meditation in Chapel Hill, NC"
Phase 2,40,Apex,Meditation,1,1189,TRUE,Very High,Very High,/services/meditation/apex/,"Meditation in Apex, NC"
Phase 2,23,Wake Forest,Men's Health,1,1206,TRUE,Very High,Very High,/services/men's-health/wake-forest/,"Men's Health in Wake Forest, NC"
Phase 2,33,Chapel Hill,Men's Health,1,1196,TRUE,Very High,Very High,/services/men's-health/chapel-hill/,"Men's Health in Chapel Hill, NC"
Phase 2,33,Apex,Men's Health,1,1196,TRUE,Very High,Very High,/services/men's-health/apex/,"Men's Health in Apex, NC"
Phase 2,45,Fuquay Varina,Men's Health,1,1184,TRUE,Very High,Very High,/services/men's-health/fuquay-varina/,"Men's Health in Fuquay Varina, NC"
Phase 2,28,Wake Forest,Neck Pain Treatment,1,1201,TRUE,Very High,Very High,/services/neck-pain-treatment/wake-forest/,"Neck Pain Treatment in Wake Forest, NC"
Phase 2,38,Chapel Hill,Neck Pain Treatment,1,1191,TRUE,Very High,Very High,/services/neck-pain-treatment/chapel-hill/,"Neck Pain Treatment in Chapel Hill, NC"
Phase 2,38,Apex,Neck Pain Treatment,1,1191,TRUE,Very High,Very High,/services/neck-pain-treatment/apex/,"Neck Pain Treatment in Apex, NC"
Phase 2,50,Fuquay Varina,Neck Pain Treatment,1,1179,TRUE,Very High,Very High,/services/neck-pain-treatment/fuquay-varina/,"Neck Pain Treatment in Fuquay Varina, NC"
Phase 2,9,Wake Forest,Nutrition Counseling,1,1220,TRUE,Very High,Very High,/services/nutrition-counseling/wake-forest/,"Nutrition Counseling in Wake Forest, NC"
Phase 2,19,Chapel Hill,Nutrition Counseling,1,1210,TRUE,Very High,Very High,/services/nutrition-counseling/chapel-hill/,"Nutrition Counseling in Chapel Hill, NC"
Phase 2,19,Apex,Nutrition Counseling,1,1210,TRUE,Very High,Very High,/services/nutrition-counseling/apex/,"Nutrition Counseling in Apex, NC"
Phase 2,31,Fuquay Varina,Nutrition Counseling,1,1198,TRUE,Very High,Very High,/services/nutrition-counseling/fuquay-varina/,"Nutrition Counseling in Fuquay Varina, NC"
Phase 2,46,Clayton,Nutrition Counseling,1,1183,TRUE,Very High,Very High,/services/nutrition-counseling/clayton/,"Nutrition Counseling in Clayton, NC"
Phase 2,8,Wake Forest,Occupational Therapy,1,1221,TRUE,Very High,Very High,/services/occupational-therapy/wake-forest/,"Occupational Therapy in Wake Forest, NC"
Phase 2,18,Chapel Hill,Occupational Therapy,1,1211,TRUE,Very High,Very High,/services/occupational-therapy/chapel-hill/,"Occupational Therapy in Chapel Hill, NC"
Phase 2,18,Apex,Occupational Therapy,1,1211,TRUE,Very High,Very High,/services/occupational-therapy/apex/,"Occupational Therapy in Apex, NC"
Phase 2,30,Fuquay Varina,Occupational Therapy,1,1199,TRUE,Very High,Very High,/services/occupational-therapy/fuquay-varina/,"Occupational Therapy in Fuquay Varina, NC"
Phase 2,45,Clayton,Occupational Therapy,1,1184,TRUE,Very High,Very High,/services/occupational-therapy/clayton/,"Occupational Therapy in Clayton, NC"
Phase 2,4,Wake Forest,Pain Management,1,1225,TRUE,Very High,Very High,/services/pain-management/wake-forest/,"Pain Management in Wake Forest, NC"
Phase 2,14,Chapel Hill,Pain Management,1,1215,TRUE,Very High,Very High,/services/pain-management/chapel-hill/,"Pain Management in Chapel Hill, NC"
Phase 2,14,Apex,Pain Management,1,1215,TRUE,Very High,Very High,/services/pain-management/apex/,"Pain Management in Apex, NC"
Phase 2,26,Fuquay Varina,Pain Management,1,1203,TRUE,Very High,Very High,/services/pain-management/fuquay-varina/,"Pain Management in Fuquay Varina, NC"
Phase 2,41,Clayton,Pain Management,1,1188,TRUE,Very High,Very High,/services/pain-management/clayton/,"Pain Management in Clayton, NC"
Phase 2,49,Burlington,Pain Management,1,1180,TRUE,Very High,Very High,/services/pain-management/burlington/,"Pain Management in Burlington, NC"
Phase 2,32,Wake Forest,Pediatric Therapy,1,1197,TRUE,Very High,Very High,/services/pediatric-therapy/wake-forest/,"Pediatric Therapy in Wake Forest, NC"
Phase 2,42,Chapel Hill,Pediatric Therapy,1,1187,TRUE,Very High,Very High,/services/pediatric-therapy/chapel-hill/,"Pediatric Therapy in Chapel Hill, NC"
Phase 2,42,Apex,Pediatric Therapy,1,1187,TRUE,Very High,Very High,/services/pediatric-therapy/apex/,"Pediatric Therapy in Apex, NC"
Phase 2,1,Wake Forest,Physical Therapy,1,1228,TRUE,Very High,Very High,/services/physical-therapy/wake-forest/,"Physical Therapy in Wake Forest, NC"
Phase 2,11,Chapel Hill,Physical Therapy,1,1218,TRUE,Very High,Very High,/services/physical-therapy/chapel-hill/,"Physical Therapy in Chapel Hill, NC"
Phase 2,11,Apex,Physical Therapy,1,1218,TRUE,Very High,Very High,/services/physical-therapy/apex/,"Physical Therapy in Apex, NC"
Phase 2,23,Fuquay Varina,Physical Therapy,1,1206,TRUE,Very High,Very High,/services/physical-therapy/fuquay-varina/,"Physical Therapy in Fuquay Varina, NC"
Phase 2,38,Clayton,Physical Therapy,1,1191,TRUE,Very High,Very High,/services/physical-therapy/clayton/,"Physical Therapy in Clayton, NC"
Phase 2,46,Burlington,Physical Therapy,1,1183,TRUE,Very High,Very High,/services/physical-therapy/burlington/,"Physical Therapy in Burlington, NC"
Phase 2,50,Sanford,Physical Therapy,1,1179,TRUE,Very High,Very High,/services/physical-therapy/sanford/,"Physical Therapy in Sanford, NC"
Phase 2,34,Wake Forest,Postpartum Care,1,1195,TRUE,Very High,Very High,/services/postpartum-care/wake-forest/,"Postpartum Care in Wake Forest, NC"
Phase 2,44,Chapel Hill,Postpartum Care,1,1185,TRUE,Very High,Very High,/services/postpartum-care/chapel-hill/,"Postpartum Care in Chapel Hill, NC"
Phase 2,44,Apex,Postpartum Care,1,1185,TRUE,Very High,Very High,/services/postpartum-care/apex/,"Postpartum Care in Apex, NC"
Phase 2,24,Wake Forest,Prenatal Care,1,1205,TRUE,Very High,Very High,/services/prenatal-care/wake-forest/,"Prenatal Care in Wake Forest, NC"
Phase 2,34,Chapel Hill,Prenatal Care,1,1195,TRUE,Very High,Very High,/services/prenatal-care/chapel-hill/,"Prenatal Care in Chapel Hill, NC"
Phase 2,34,Apex,Prenatal Care,1,1195,TRUE,Very High,Very High,/services/prenatal-care/apex/,"Prenatal Care in Apex, NC"
Phase 2,46,Fuquay Varina,Prenatal Care,1,1183,TRUE,Very High,Very High,/services/prenatal-care/fuquay-varina/,"Prenatal Care in Fuquay Varina, NC"
Phase 2,38,Wake Forest,PTSD Therapy,1,1191,TRUE,Very High,Very High,/services/ptsd-therapy/wake-forest/,"PTSD Therapy in Wake Forest, NC"
Phase 2,48,Chapel Hill,PTSD Therapy,1,1181,TRUE,Very High,Very High,/services/ptsd-therapy/chapel-hill/,"PTSD Therapy in Chapel Hill, NC"
Phase 2,48,Apex,PTSD Therapy,1,1181,TRUE,Very High,Very High,/services/ptsd-therapy/apex/,"PTSD Therapy in Apex, NC"
Phase 2,26,Wake Forest,Rehabilitation,1,1203,TRUE,Very High,Very High,/services/rehabilitation/wake-forest/,"Rehabilitation in Wake Forest, NC"
Phase 2,36,Chapel Hill,Rehabilitation,1,1193,TRUE,Very High,Very High,/services/rehabilitation/chapel-hill/,"Rehabilitation in Chapel Hill, NC"
Phase 2,36,Apex,Rehabilitation,1,1193,TRUE,Very High,Very High,/services/rehabilitation/apex/,"Rehabilitation in Apex, NC"
Phase 2,48,Fuquay Varina,Rehabilitation,1,1181,TRUE,Very High,Very High,/services/rehabilitation/fuquay-varina/,"Rehabilitation in Fuquay Varina, NC"
Phase 2,18,Wake Forest,Sleep Therapy,1,1211,TRUE,Very High,Very High,/services/sleep-therapy/wake-forest/,"Sleep Therapy in Wake Forest, NC"
Phase 2,28,Chapel Hill,Sleep Therapy,1,1201,TRUE,Very High,Very High,/services/sleep-therapy/chapel-hill/,"Sleep Therapy in Chapel Hill, NC"
Phase 2,28,Apex,Sleep Therapy,1,1201,TRUE,Very High,Very High,/services/sleep-therapy/apex/,"Sleep Therapy in Apex, NC"
Phase 2,40,Fuquay Varina,Sleep Therapy,1,1189,TRUE,Very High,Very High,/services/sleep-therapy/fuquay-varina/,"Sleep Therapy in Fuquay Varina, NC"
Phase 2,7,Wake Forest,Sports Medicine,1,1222,TRUE,Very High,Very High,/services/sports-medicine/wake-forest/,"Sports Medicine in Wake Forest, NC"
Phase 2,17,Chapel Hill,Sports Medicine,1,1212,TRUE,Very High,Very High,/services/sports-medicine/chapel-hill/,"Sports Medicine in Chapel Hill, NC"
Phase 2,17,Apex,Sports Medicine,1,1212,TRUE,Very High,Very High,/services/sports-medicine/apex/,"Sports Medicine in Apex, NC"
Phase 2,29,Fuquay Varina,Sports Medicine,1,1200,TRUE,Very High,Very High,/services/sports-medicine/fuquay-varina/,"Sports Medicine in Fuquay Varina, NC"
Phase 2,44,Clayton,Sports Medicine,1,1185,TRUE,Very High,Very High,/services/sports-medicine/clayton/,"Sports Medicine in Clayton, NC"
Phase 2,17,Wake Forest,Stress Management,1,1212,TRUE,Very High,Very High,/services/stress-management/wake-forest/,"Stress Management in Wake Forest, NC"
Phase 2,27,Chapel Hill,Stress Management,1,1202,TRUE,Very High,Very High,/services/stress-management/chapel-hill/,"Stress Management in Chapel Hill, NC"
Phase 2,27,Apex,Stress Management,1,1202,TRUE,Very High,Very High,/services/stress-management/apex/,"Stress Management in Apex, NC"
Phase 2,39,Fuquay Varina,Stress Management,1,1190,TRUE,Very High,Very High,/services/stress-management/fuquay-varina/,"Stress Management in Fuquay Varina, NC"
Phase 2,6,Wake Forest,Weight Loss,1,1223,TRUE,Very High,Very High,/services/weight-loss/wake-forest/,"Weight Loss in Wake Forest, NC"
Phase 2,16,Chapel Hill,Weight Loss,1,1213,TRUE,Very High,Very High,/services/weight-loss/chapel-hill/,"Weight Loss in Chapel Hill, NC"
Phase 2,16,Apex,Weight Loss,1,1213,TRUE,Very High,Very High,/services/weight-loss/apex/,"Weight Loss in Apex, NC"
Phase 2,28,Fuquay Varina,Weight Loss,1,1201,TRUE,Very High,Very High,/services/weight-loss/fuquay-varina/,"Weight Loss in Fuquay Varina, NC"
Phase 2,43,Clayton,Weight Loss,1,1186,TRUE,Very High,Very High,/services/weight-loss/clayton/,"Weight Loss in Clayton, NC"
Phase 2,51,Burlington,Weight Loss,1,1178,TRUE,Very High,Very High,/services/weight-loss/burlington/,"Weight Loss in Burlington, NC"
Phase 2,15,Wake Forest,Wellness Coaching,1,1214,TRUE,Very High,Very High,/services/wellness-coaching/wake-forest/,"Wellness Coaching in Wake Forest, NC"
Phase 2,25,Chapel Hill,Wellness Coaching,1,1204,TRUE,Very High,Very High,/services/wellness-coaching/chapel-hill/,"Wellness Coaching in Chapel Hill, NC"
Phase 2,25,Apex,Wellness Coaching,1,1204,TRUE,Very High,Very High,/services/wellness-coaching/apex/,"Wellness Coaching in Apex, NC"
Phase 2,37,Fuquay Varina,Wellness Coaching,1,1192,TRUE,Very High,Very High,/services/wellness-coaching/fuquay-varina/,"Wellness Coaching in Fuquay Varina, NC"
Phase 2,22,Wake Forest,Women's Health,1,1207,TRUE,Very High,Very High,/services/women's-health/wake-forest/,"Women's Health in Wake Forest, NC"
Phase 2,32,Chapel Hill,Women's Health,1,1197,TRUE,Very High,Very High,/services/women's-health/chapel-hill/,"Women's Health in Chapel Hill, NC"
Phase 2,32,Apex,Women's Health,1,1197,TRUE,Very High,Very High,/services/women's-health/apex/,"Women's Health in Apex, NC"
Phase 2,44,Fuquay Varina,Women's Health,1,1185,TRUE,Very High,Very High,/services/women's-health/fuquay-varina/,"Women's Health in Fuquay Varina, NC"
Phase 2,16,Wake Forest,Yoga Therapy,1,1213,TRUE,Very High,Very High,/services/yoga-therapy/wake-forest/,"Yoga Therapy in Wake Forest, NC"
Phase 2,26,Chapel Hill,Yoga Therapy,1,1203,TRUE,Very High,Very High,/services/yoga-therapy/chapel-hill/,"Yoga Therapy in Chapel Hill, NC"
Phase 2,26,Apex,Yoga Therapy,1,1203,TRUE,Very High,Very High,/services/yoga-therapy/apex/,"Yoga Therapy in Apex, NC"
Phase 2,38,Fuquay Varina,Yoga Therapy,1,1191,TRUE,Very High,Very High,/services/yoga-therapy/fuquay-varina/,"Yoga Therapy in Fuquay Varina, NC"
Phase 3,3,Sanford,Acupuncture,1,1175,TRUE,Very High,Very High,/services/acupuncture/sanford/,"Acupuncture in Sanford, NC"
Phase 3,24,Garner,Acupuncture,1,1154,TRUE,Very High,Very High,/services/acupuncture/garner/,"Acupuncture in Garner, NC"
Phase 3,69,Asheboro,Acupuncture,2,901,TRUE,High,High,/services/acupuncture/asheboro/,"Acupuncture in Asheboro, NC"
Phase 3,71,Holly Springs,Acupuncture,2,899,TRUE,High,High,/services/acupuncture/holly-springs/,"Acupuncture in Holly Springs, NC"
Phase 3,79,Mebane,Acupuncture,2,891,TRUE,High,High,/services/acupuncture/mebane/,"Acupuncture in Mebane, NC"
Phase 3,87,Pittsboro,Acupuncture,2,883,TRUE,High,High,/services/acupuncture/pittsboro/,"Acupuncture in Pittsboro, NC"
Phase 3,90,Graham,Acupuncture,2,880,TRUE,High,High,/services/acupuncture/graham/,"Acupuncture in Graham, NC"
Phase 3,120,Henderson,Acupuncture,3,661,TRUE,Medium,Medium,/services/acupuncture/henderson/,"Acupuncture in Henderson, NC"
Phase 3,121,Reidsville,Acupuncture,3,660,TRUE,Medium,Medium,/services/acupuncture/reidsville/,"Acupuncture in Reidsville, NC"
Phase 3,122,Morrisville,Acupuncture,3,659,TRUE,Medium,Medium,/services/acupuncture/morrisville/,"Acupuncture in Morrisville, NC"
Phase 3,125,Roxboro,Acupuncture,3,656,TRUE,Medium,Medium,/services/acupuncture/roxboro/,"Acupuncture in Roxboro, NC"
Phase 3,128,Eden,Acupuncture,3,653,TRUE,Medium,Medium,/services/acupuncture/eden/,"Acupuncture in Eden, NC"
Phase 3,130,Gibsonville,Acupuncture,3,651,TRUE,Medium,Medium,/services/acupuncture/gibsonville/,"Acupuncture in Gibsonville, NC"
Phase 3,141,Carrboro,Acupuncture,3,640,TRUE,Medium,Medium,/services/acupuncture/carrboro/,"Acupuncture in Carrboro, NC"
Phase 3,144,Elon,Acupuncture,3,637,TRUE,Medium,Medium,/services/acupuncture/elon/,"Acupuncture in Elon, NC"
Phase 3,164,Rougemont,Acupuncture,4,428,TRUE,Low-Medium,Medium,/services/acupuncture/rougemont/,"Acupuncture in Rougemont, NC"
Phase 3,164,Creedmoor,Acupuncture,4,428,TRUE,Low-Medium,Medium,/services/acupuncture/creedmoor/,"Acupuncture in Creedmoor, NC"
Phase 3,171,Haw River,Acupuncture,4,421,TRUE,Low-Medium,Medium,/services/acupuncture/haw-river/,"Acupuncture in Haw River, NC"
Phase 3,5,Burlington,Addiction Counseling,1,1173,TRUE,Very High,Very High,/services/addiction-counseling/burlington/,"Addiction Counseling in Burlington, NC"
Phase 3,9,Sanford,Addiction Counseling,1,1169,TRUE,Very High,Very High,/services/addiction-counseling/sanford/,"Addiction Counseling in Sanford, NC"
Phase 3,30,Garner,Addiction Counseling,1,1148,TRUE,Very High,Very High,/services/addiction-counseling/garner/,"Addiction Counseling in Garner, NC"
Phase 3,75,Asheboro,Addiction Counseling,2,895,TRUE,High,High,/services/addiction-counseling/asheboro/,"Addiction Counseling in Asheboro, NC"
Phase 3,77,Holly Springs,Addiction Counseling,2,893,TRUE,High,High,/services/addiction-counseling/holly-springs/,"Addiction Counseling in Holly Springs, NC"
Phase 3,85,Mebane,Addiction Counseling,2,885,TRUE,High,High,/services/addiction-counseling/mebane/,"Addiction Counseling in Mebane, NC"
Phase 3,93,Pittsboro,Addiction Counseling,2,877,TRUE,High,High,/services/addiction-counseling/pittsboro/,"Addiction Counseling in Pittsboro, NC"
Phase 3,96,Graham,Addiction Counseling,2,874,TRUE,High,High,/services/addiction-counseling/graham/,"Addiction Counseling in Graham, NC"
Phase 3,126,Henderson,Addiction Counseling,3,655,TRUE,Medium,Medium,/services/addiction-counseling/henderson/,"Addiction Counseling in Henderson, NC"
Phase 3,127,Reidsville,Addiction Counseling,3,654,TRUE,Medium,Medium,/services/addiction-counseling/reidsville/,"Addiction Counseling in Reidsville, NC"
Phase 3,128,Morrisville,Addiction Counseling,3,653,TRUE,Medium,Medium,/services/addiction-counseling/morrisville/,"Addiction Counseling in Morrisville, NC"
Phase 3,131,Roxboro,Addiction Counseling,3,650,TRUE,Medium,Medium,/services/addiction-counseling/roxboro/,"Addiction Counseling in Roxboro, NC"
Phase 3,134,Eden,Addiction Counseling,3,647,TRUE,Medium,Medium,/services/addiction-counseling/eden/,"Addiction Counseling in Eden, NC"
Phase 3,136,Gibsonville,Addiction Counseling,3,645,TRUE,Medium,Medium,/services/addiction-counseling/gibsonville/,"Addiction Counseling in Gibsonville, NC"
Phase 3,147,Carrboro,Addiction Counseling,3,634,TRUE,Medium,Medium,/services/addiction-counseling/carrboro/,"Addiction Counseling in Carrboro, NC"
Phase 3,150,Elon,Addiction Counseling,3,631,TRUE,Medium,Medium,/services/addiction-counseling/elon/,"Addiction Counseling in Elon, NC"
Phase 3,170,Rougemont,Addiction Counseling,4,422,TRUE,Low-Medium,Medium,/services/addiction-counseling/rougemont/,"Addiction Counseling in Rougemont, NC"
Phase 3,170,Creedmoor,Addiction Counseling,4,422,TRUE,Low-Medium,Medium,/services/addiction-counseling/creedmoor/,"Addiction Counseling in Creedmoor, NC"
Phase 3,177,Haw River,Addiction Counseling,4,415,TRUE,Low-Medium,Medium,/services/addiction-counseling/haw-river/,"Addiction Counseling in Haw River, NC"
Phase 3,10,Fuquay Varina,ADHD Treatment,1,1168,TRUE,Very High,Very High,/services/adhd-treatment/fuquay-varina/,"ADHD Treatment in Fuquay Varina, NC"
Phase 3,25,Clayton,ADHD Treatment,1,1153,TRUE,Very High,Very High,/services/adhd-treatment/clayton/,"ADHD Treatment in Clayton, NC"
Phase 3,33,Burlington,ADHD Treatment,1,1145,TRUE,Very High,Very High,/services/adhd-treatment/burlington/,"ADHD Treatment in Burlington, NC"
Phase 3,37,Sanford,ADHD Treatment,1,1141,TRUE,Very High,Very High,/services/adhd-treatment/sanford/,"ADHD Treatment in Sanford, NC"
Phase 3,58,Garner,ADHD Treatment,1,1120,TRUE,Very High,Very High,/services/adhd-treatment/garner/,"ADHD Treatment in Garner, NC"
Phase 3,3,Chapel Hill,Alternative Medicine,1,1175,TRUE,Very High,Very High,/services/alternative-medicine/chapel-hill/,"Alternative Medicine in Chapel Hill, NC"
Phase 3,3,Apex,Alternative Medicine,1,1175,TRUE,Very High,Very High,/services/alternative-medicine/apex/,"Alternative Medicine in Apex, NC"
Phase 3,15,Fuquay Varina,Alternative Medicine,1,1163,TRUE,Very High,Very High,/services/alternative-medicine/fuquay-varina/,"Alternative Medicine in Fuquay Varina, NC"
Phase 3,30,Clayton,Alternative Medicine,1,1148,TRUE,Very High,Very High,/services/alternative-medicine/clayton/,"Alternative Medicine in Clayton, NC"
Phase 3,38,Burlington,Alternative Medicine,1,1140,TRUE,Very High,Very High,/services/alternative-medicine/burlington/,"Alternative Medicine in Burlington, NC"
Phase 3,42,Sanford,Alternative Medicine,1,1136,TRUE,Very High,Very High,/services/alternative-medicine/sanford/,"Alternative Medicine in Sanford, NC"
Phase 3,63,Garner,Alternative Medicine,1,1115,TRUE,Very High,Very High,/services/alternative-medicine/garner/,"Alternative Medicine in Garner, NC"
Phase 3,6,Burlington,Anxiety Treatment,1,1172,TRUE,Very High,Very High,/services/anxiety-treatment/burlington/,"Anxiety Treatment in Burlington, NC"
Phase 3,10,Sanford,Anxiety Treatment,1,1168,TRUE,Very High,Very High,/services/anxiety-treatment/sanford/,"Anxiety Treatment in Sanford, NC"
Phase 3,31,Garner,Anxiety Treatment,1,1147,TRUE,Very High,Very High,/services/anxiety-treatment/garner/,"Anxiety Treatment in Garner, NC"
Phase 3,76,Asheboro,Anxiety Treatment,2,894,TRUE,High,High,/services/anxiety-treatment/asheboro/,"Anxiety Treatment in Asheboro, NC"
Phase 3,78,Holly Springs,Anxiety Treatment,2,892,TRUE,High,High,/services/anxiety-treatment/holly-springs/,"Anxiety Treatment in Holly Springs, NC"
Phase 3,86,Mebane,Anxiety Treatment,2,884,TRUE,High,High,/services/anxiety-treatment/mebane/,"Anxiety Treatment in Mebane, NC"
Phase 3,94,Pittsboro,Anxiety Treatment,2,876,TRUE,High,High,/services/anxiety-treatment/pittsboro/,"Anxiety Treatment in Pittsboro, NC"
Phase 3,97,Graham,Anxiety Treatment,2,873,TRUE,High,High,/services/anxiety-treatment/graham/,"Anxiety Treatment in Graham, NC"
Phase 3,127,Henderson,Anxiety Treatment,3,654,TRUE,Medium,Medium,/services/anxiety-treatment/henderson/,"Anxiety Treatment in Henderson, NC"
Phase 3,128,Reidsville,Anxiety Treatment,3,653,TRUE,Medium,Medium,/services/anxiety-treatment/reidsville/,"Anxiety Treatment in Reidsville, NC"
Phase 3,129,Morrisville,Anxiety Treatment,3,652,TRUE,Medium,Medium,/services/anxiety-treatment/morrisville/,"Anxiety Treatment in Morrisville, NC"
Phase 3,132,Roxboro,Anxiety Treatment,3,649,TRUE,Medium,Medium,/services/anxiety-treatment/roxboro/,"Anxiety Treatment in Roxboro, NC"
Phase 3,135,Eden,Anxiety Treatment,3,646,TRUE,Medium,Medium,/services/anxiety-treatment/eden/,"Anxiety Treatment in Eden, NC"
Phase 3,137,Gibsonville,Anxiety Treatment,3,644,TRUE,Medium,Medium,/services/anxiety-treatment/gibsonville/,"Anxiety Treatment in Gibsonville, NC"
Phase 3,148,Carrboro,Anxiety Treatment,3,633,TRUE,Medium,Medium,/services/anxiety-treatment/carrboro/,"Anxiety Treatment in Carrboro, NC"
Phase 3,151,Elon,Anxiety Treatment,3,630,TRUE,Medium,Medium,/services/anxiety-treatment/elon/,"Anxiety Treatment in Elon, NC"
Phase 3,171,Rougemont,Anxiety Treatment,4,421,TRUE,Low-Medium,Medium,/services/anxiety-treatment/rougemont/,"Anxiety Treatment in Rougemont, NC"
Phase 3,171,Creedmoor,Anxiety Treatment,4,421,TRUE,Low-Medium,Medium,/services/anxiety-treatment/creedmoor/,"Anxiety Treatment in Creedmoor, NC"
Phase 3,178,Haw River,Anxiety Treatment,4,414,TRUE,Low-Medium,Medium,/services/anxiety-treatment/haw-river/,"Anxiety Treatment in Haw River, NC"
Phase 3,13,Clayton,Arthritis Treatment,1,1165,TRUE,Very High,Very High,/services/arthritis-treatment/clayton/,"Arthritis Treatment in Clayton, NC"
Phase 3,21,Burlington,Arthritis Treatment,1,1157,TRUE,Very High,Very High,/services/arthritis-treatment/burlington/,"Arthritis Treatment in Burlington, NC"
Phase 3,25,Sanford,Arthritis Treatment,1,1153,TRUE,Very High,Very High,/services/arthritis-treatment/sanford/,"Arthritis Treatment in Sanford, NC"
Phase 3,46,Garner,Arthritis Treatment,1,1132,TRUE,Very High,Very High,/services/arthritis-treatment/garner/,"Arthritis Treatment in Garner, NC"
Phase 3,91,Asheboro,Arthritis Treatment,2,879,TRUE,High,High,/services/arthritis-treatment/asheboro/,"Arthritis Treatment in Asheboro, NC"
Phase 3,93,Holly Springs,Arthritis Treatment,2,877,TRUE,High,High,/services/arthritis-treatment/holly-springs/,"Arthritis Treatment in Holly Springs, NC"
Phase 3,101,Mebane,Arthritis Treatment,2,869,TRUE,High,High,/services/arthritis-treatment/mebane/,"Arthritis Treatment in Mebane, NC"
Phase 3,109,Pittsboro,Arthritis Treatment,2,861,TRUE,High,High,/services/arthritis-treatment/pittsboro/,"Arthritis Treatment in Pittsboro, NC"
Phase 3,112,Graham,Arthritis Treatment,2,858,TRUE,High,High,/services/arthritis-treatment/graham/,"Arthritis Treatment in Graham, NC"
Phase 3,11,Fuquay Varina,Autism Support,1,1167,TRUE,Very High,Very High,/services/autism-support/fuquay-varina/,"Autism Support in Fuquay Varina, NC"
Phase 3,26,Clayton,Autism Support,1,1152,TRUE,Very High,Very High,/services/autism-support/clayton/,"Autism Support in Clayton, NC"
Phase 3,34,Burlington,Autism Support,1,1144,TRUE,Very High,Very High,/services/autism-support/burlington/,"Autism Support in Burlington, NC"
Phase 3,38,Sanford,Autism Support,1,1140,TRUE,Very High,Very High,/services/autism-support/sanford/,"Autism Support in Sanford, NC"
Phase 3,59,Garner,Autism Support,1,1119,TRUE,Very High,Very High,/services/autism-support/garner/,"Autism Support in Garner, NC"
Phase 3,8,Burlington,Back Pain Relief,1,1170,TRUE,Very High,Very High,/services/back-pain-relief/burlington/,"Back Pain Relief in Burlington, NC"
Phase 3,12,Sanford,Back Pain Relief,1,1166,TRUE,Very High,Very High,/services/back-pain-relief/sanford/,"Back Pain Relief in Sanford, NC"
Phase 3,33,Garner,Back Pain Relief,1,1145,TRUE,Very High,Very High,/services/back-pain-relief/garner/,"Back Pain Relief in Garner, NC"
Phase 3,78,Asheboro,Back Pain Relief,2,892,TRUE,High,High,/services/back-pain-relief/asheboro/,"Back Pain Relief in Asheboro, NC"
Phase 3,80,Holly Springs,Back Pain Relief,2,890,TRUE,High,High,/services/back-pain-relief/holly-springs/,"Back Pain Relief in Holly Springs, NC"
Phase 3,88,Mebane,Back Pain Relief,2,882,TRUE,High,High,/services/back-pain-relief/mebane/,"Back Pain Relief in Mebane, NC"
Phase 3,96,Pittsboro,Back Pain Relief,2,874,TRUE,High,High,/services/back-pain-relief/pittsboro/,"Back Pain Relief in Pittsboro, NC"
Phase 3,99,Graham,Back Pain Relief,2,871,TRUE,High,High,/services/back-pain-relief/graham/,"Back Pain Relief in Graham, NC"
Phase 3,129,Henderson,Back Pain Relief,3,652,TRUE,Medium,Medium,/services/back-pain-relief/henderson/,"Back Pain Relief in Henderson, NC"
Phase 3,130,Reidsville,Back Pain Relief,3,651,TRUE,Medium,Medium,/services/back-pain-relief/reidsville/,"Back Pain Relief in Reidsville, NC"
Phase 3,131,Morrisville,Back Pain Relief,3,650,TRUE,Medium,Medium,/services/back-pain-relief/morrisville/,"Back Pain Relief in Morrisville, NC"
Phase 3,134,Roxboro,Back Pain Relief,3,647,TRUE,Medium,Medium,/services/back-pain-relief/roxboro/,"Back Pain Relief in Roxboro, NC"
Phase 3,137,Eden,Back Pain Relief,3,644,TRUE,Medium,Medium,/services/back-pain-relief/eden/,"Back Pain Relief in Eden, NC"
Phase 3,139,Gibsonville,Back Pain Relief,3,642,TRUE,Medium,Medium,/services/back-pain-relief/gibsonville/,"Back Pain Relief in Gibsonville, NC"
Phase 3,150,Carrboro,Back Pain Relief,3,631,TRUE,Medium,Medium,/services/back-pain-relief/carrboro/,"Back Pain Relief in Carrboro, NC"
Phase 3,153,Elon,Back Pain Relief,3,628,TRUE,Medium,Medium,/services/back-pain-relief/elon/,"Back Pain Relief in Elon, NC"
Phase 3,173,Rougemont,Back Pain Relief,4,419,TRUE,Low-Medium,Medium,/services/back-pain-relief/rougemont/,"Back Pain Relief in Rougemont, NC"
Phase 3,173,Creedmoor,Back Pain Relief,4,419,TRUE,Low-Medium,Medium,/services/back-pain-relief/creedmoor/,"Back Pain Relief in Creedmoor, NC"
Phase 3,180,Haw River,Back Pain Relief,4,412,TRUE,Low-Medium,Medium,/services/back-pain-relief/haw-river/,"Back Pain Relief in Haw River, NC"
Phase 3,2,Chapel Hill,Behavioral Therapy,1,1176,TRUE,Very High,Very High,/services/behavioral-therapy/chapel-hill/,"Behavioral Therapy in Chapel Hill, NC"
Phase 3,2,Apex,Behavioral Therapy,1,1176,TRUE,Very High,Very High,/services/behavioral-therapy/apex/,"Behavioral Therapy in Apex, NC"
Phase 3,14,Fuquay Varina,Behavioral Therapy,1,1164,TRUE,Very High,Very High,/services/behavioral-therapy/fuquay-varina/,"Behavioral Therapy in Fuquay Varina, NC"
Phase 3,29,Clayton,Behavioral Therapy,1,1149,TRUE,Very High,Very High,/services/behavioral-therapy/clayton/,"Behavioral Therapy in Clayton, NC"
Phase 3,37,Burlington,Behavioral Therapy,1,1141,TRUE,Very High,Very High,/services/behavioral-therapy/burlington/,"Behavioral Therapy in Burlington, NC"
Phase 3,41,Sanford,Behavioral Therapy,1,1137,TRUE,Very High,Very High,/services/behavioral-therapy/sanford/,"Behavioral Therapy in Sanford, NC"
Phase 3,62,Garner,Behavioral Therapy,1,1116,TRUE,Very High,Very High,/services/behavioral-therapy/garner/,"Behavioral Therapy in Garner, NC"
Phase 3,7,Clayton,Chronic Pain Management,1,1171,TRUE,Very High,Very High,/services/chronic-pain-management/clayton/,"Chronic Pain Management in Clayton, NC"
Phase 3,15,Burlington,Chronic Pain Management,1,1163,TRUE,Very High,Very High,/services/chronic-pain-management/burlington/,"Chronic Pain Management in Burlington, NC"
Phase 3,19,Sanford,Chronic Pain Management,1,1159,TRUE,Very High,Very High,/services/chronic-pain-management/sanford/,"Chronic Pain Management in Sanford, NC"
Phase 3,40,Garner,Chronic Pain Management,1,1138,TRUE,Very High,Very High,/services/chronic-pain-management/garner/,"Chronic Pain Management in Garner, NC"
Phase 3,85,Asheboro,Chronic Pain Management,2,885,TRUE,High,High,/services/chronic-pain-management/asheboro/,"Chronic Pain Management in Asheboro, NC"
Phase 3,87,Holly Springs,Chronic Pain Management,2,883,TRUE,High,High,/services/chronic-pain-management/holly-springs/,"Chronic Pain Management in Holly Springs, NC"
Phase 3,95,Mebane,Chronic Pain Management,2,875,TRUE,High,High,/services/chronic-pain-management/mebane/,"Chronic Pain Management in Mebane, NC"
Phase 3,103,Pittsboro,Chronic Pain Management,2,867,TRUE,High,High,/services/chronic-pain-management/pittsboro/,"Chronic Pain Management in Pittsboro, NC"
Phase 3,106,Graham,Chronic Pain Management,2,864,TRUE,High,High,/services/chronic-pain-management/graham/,"Chronic Pain Management in Graham, NC"
Phase 3,7,Fuquay Varina,Detox Programs,1,1171,TRUE,Very High,Very High,/services/detox-programs/fuquay-varina/,"Detox Programs in Fuquay Varina, NC"
Phase 3,22,Clayton,Detox Programs,1,1156,TRUE,Very High,Very High,/services/detox-programs/clayton/,"Detox Programs in Clayton, NC"
Phase 3,30,Burlington,Detox Programs,1,1148,TRUE,Very High,Very High,/services/detox-programs/burlington/,"Detox Programs in Burlington, NC"
Phase 3,34,Sanford,Detox Programs,1,1144,TRUE,Very High,Very High,/services/detox-programs/sanford/,"Detox Programs in Sanford, NC"
Phase 3,55,Garner,Detox Programs,1,1123,TRUE,Very High,Very High,/services/detox-programs/garner/,"Detox Programs in Garner, NC"
Phase 3,8,Fuquay Varina,Fibromyalgia Treatment,1,1170,TRUE,Very High,Very High,/services/fibromyalgia-treatment/fuquay-varina/,"Fibromyalgia Treatment in Fuquay Varina, NC"
Phase 3,23,Clayton,Fibromyalgia Treatment,1,1155,TRUE,Very High,Very High,/services/fibromyalgia-treatment/clayton/,"Fibromyalgia Treatment in Clayton, NC"
Phase 3,31,Burlington,Fibromyalgia Treatment,1,1147,TRUE,Very High,Very High,/services/fibromyalgia-treatment/burlington/,"Fibromyalgia Treatment in Burlington, NC"
Phase 3,35,Sanford,Fibromyalgia Treatment,1,1143,TRUE,Very High,Very High,/services/fibromyalgia-treatment/sanford/,"Fibromyalgia Treatment in Sanford, NC"
Phase 3,56,Garner,Fibromyalgia Treatment,1,1122,TRUE,Very High,Very High,/services/fibromyalgia-treatment/garner/,"Fibromyalgia Treatment in Garner, NC"
Phase 3,4,Fuquay Varina,Geriatric Care,1,1174,TRUE,Very High,Very High,/services/geriatric-care/fuquay-varina/,"Geriatric Care in Fuquay Varina, NC"
Phase 3,19,Clayton,Geriatric Care,1,1159,TRUE,Very High,Very High,/services/geriatric-care/clayton/,"Geriatric Care in Clayton, NC"
Phase 3,27,Burlington,Geriatric Care,1,1151,TRUE,Very High,Very High,/services/geriatric-care/burlington/,"Geriatric Care in Burlington, NC"
Phase 3,31,Sanford,Geriatric Care,1,1147,TRUE,Very High,Very High,/services/geriatric-care/sanford/,"Geriatric Care in Sanford, NC"
Phase 3,52,Garner,Geriatric Care,1,1126,TRUE,Very High,Very High,/services/geriatric-care/garner/,"Geriatric Care in Garner, NC"
Phase 3,15,Clayton,Headache Treatment,1,1163,TRUE,Very High,Very High,/services/headache-treatment/clayton/,"Headache Treatment in Clayton, NC"
Phase 3,23,Burlington,Headache Treatment,1,1155,TRUE,Very High,Very High,/services/headache-treatment/burlington/,"Headache Treatment in Burlington, NC"
Phase 3,27,Sanford,Headache Treatment,1,1151,TRUE,Very High,Very High,/services/headache-treatment/sanford/,"Headache Treatment in Sanford, NC"
Phase 3,48,Garner,Headache Treatment,1,1130,TRUE,Very High,Very High,/services/headache-treatment/garner/,"Headache Treatment in Garner, NC"
Phase 3,93,Asheboro,Headache Treatment,2,877,TRUE,High,High,/services/headache-treatment/asheboro/,"Headache Treatment in Asheboro, NC"
Phase 3,95,Holly Springs,Headache Treatment,2,875,TRUE,High,High,/services/headache-treatment/holly-springs/,"Headache Treatment in Holly Springs, NC"
Phase 3,103,Mebane,Headache Treatment,2,867,TRUE,High,High,/services/headache-treatment/mebane/,"Headache Treatment in Mebane, NC"
Phase 3,111,Pittsboro,Headache Treatment,2,859,TRUE,High,High,/services/headache-treatment/pittsboro/,"Headache Treatment in Pittsboro, NC"
Phase 3,114,Graham,Headache Treatment,2,856,TRUE,High,High,/services/headache-treatment/graham/,"Headache Treatment in Graham, NC"
Phase 3,11,Clayton,Hormone Therapy,1,1167,TRUE,Very High,Very High,/services/hormone-therapy/clayton/,"Hormone Therapy in Clayton, NC"
Phase 3,19,Burlington,Hormone Therapy,1,1159,TRUE,Very High,Very High,/services/hormone-therapy/burlington/,"Hormone Therapy in Burlington, NC"
Phase 3,23,Sanford,Hormone Therapy,1,1155,TRUE,Very High,Very High,/services/hormone-therapy/sanford/,"Hormone Therapy in Sanford, NC"
Phase 3,44,Garner,Hormone Therapy,1,1134,TRUE,Very High,Very High,/services/hormone-therapy/garner/,"Hormone Therapy in Garner, NC"
Phase 3,89,Asheboro,Hormone Therapy,2,881,TRUE,High,High,/services/hormone-therapy/asheboro/,"Hormone Therapy in Asheboro, NC"
Phase 3,91,Holly Springs,Hormone Therapy,2,879,TRUE,High,High,/services/hormone-therapy/holly-springs/,"Hormone Therapy in Holly Springs, NC"
Phase 3,99,Mebane,Hormone Therapy,2,871,TRUE,High,High,/services/hormone-therapy/mebane/,"Hormone Therapy in Mebane, NC"
Phase 3,107,Pittsboro,Hormone Therapy,2,863,TRUE,High,High,/services/hormone-therapy/pittsboro/,"Hormone Therapy in Pittsboro, NC"
Phase 3,110,Graham,Hormone Therapy,2,860,TRUE,High,High,/services/hormone-therapy/graham/,"Hormone Therapy in Graham, NC"
Phase 3,12,Fuquay Varina,Learning Disabilities,1,1166,TRUE,Very High,Very High,/services/learning-disabilities/fuquay-varina/,"Learning Disabilities in Fuquay Varina, NC"
Phase 3,27,Clayton,Learning Disabilities,1,1151,TRUE,Very High,Very High,/services/learning-disabilities/clayton/,"Learning Disabilities in Clayton, NC"
Phase 3,35,Burlington,Learning Disabilities,1,1143,TRUE,Very High,Very High,/services/learning-disabilities/burlington/,"Learning Disabilities in Burlington, NC"
Phase 3,39,Sanford,Learning Disabilities,1,1139,TRUE,Very High,Very High,/services/learning-disabilities/sanford/,"Learning Disabilities in Sanford, NC"
Phase 3,60,Garner,Learning Disabilities,1,1118,TRUE,Very High,Very High,/services/learning-disabilities/garner/,"Learning Disabilities in Garner, NC"
Phase 3,21,Garner,Massage Therapy,1,1157,TRUE,Very High,Very High,/services/massage-therapy/garner/,"Massage Therapy in Garner, NC"
Phase 3,66,Asheboro,Massage Therapy,2,904,TRUE,High,High,/services/massage-therapy/asheboro/,"Massage Therapy in Asheboro, NC"
Phase 3,68,Holly Springs,Massage Therapy,2,902,TRUE,High,High,/services/massage-therapy/holly-springs/,"Massage Therapy in Holly Springs, NC"
Phase 3,76,Mebane,Massage Therapy,2,894,TRUE,High,High,/services/massage-therapy/mebane/,"Massage Therapy in Mebane, NC"
Phase 3,84,Pittsboro,Massage Therapy,2,886,TRUE,High,High,/services/massage-therapy/pittsboro/,"Massage Therapy in Pittsboro, NC"
Phase 3,87,Graham,Massage Therapy,2,883,TRUE,High,High,/services/massage-therapy/graham/,"Massage Therapy in Graham, NC"
Phase 3,117,Henderson,Massage Therapy,3,664,TRUE,Medium,Medium,/services/massage-therapy/henderson/,"Massage Therapy in Henderson, NC"
Phase 3,118,Reidsville,Massage Therapy,3,663,TRUE,Medium,Medium,/services/massage-therapy/reidsville/,"Massage Therapy in Reidsville, NC"
Phase 3,119,Morrisville,Massage Therapy,3,662,TRUE,Medium,Medium,/services/massage-therapy/morrisville/,"Massage Therapy in Morrisville, NC"
Phase 3,122,Roxboro,Massage Therapy,3,659,TRUE,Medium,Medium,/services/massage-therapy/roxboro/,"Massage Therapy in Roxboro, NC"
Phase 3,125,Eden,Massage Therapy,3,656,TRUE,Medium,Medium,/services/massage-therapy/eden/,"Massage Therapy in Eden, NC"
Phase 3,127,Gibsonville,Massage Therapy,3,654,TRUE,Medium,Medium,/services/massage-therapy/gibsonville/,"Massage Therapy in Gibsonville, NC"
Phase 3,138,Carrboro,Massage Therapy,3,643,TRUE,Medium,Medium,/services/massage-therapy/carrboro/,"Massage Therapy in Carrboro, NC"
Phase 3,141,Elon,Massage Therapy,3,640,TRUE,Medium,Medium,/services/massage-therapy/elon/,"Massage Therapy in Elon, NC"
Phase 3,161,Rougemont,Massage Therapy,4,431,TRUE,Low-Medium,Medium,/services/massage-therapy/rougemont/,"Massage Therapy in Rougemont, NC"
Phase 3,161,Creedmoor,Massage Therapy,4,431,TRUE,Low-Medium,Medium,/services/massage-therapy/creedmoor/,"Massage Therapy in Creedmoor, NC"
Phase 3,168,Haw River,Massage Therapy,4,424,TRUE,Low-Medium,Medium,/services/massage-therapy/haw-river/,"Massage Therapy in Haw River, NC"
Phase 3,183,Butner,Massage Therapy,6,5,TRUE,Very Low,Low,/services/massage-therapy/butner/,"Massage Therapy in Butner, NC"
Phase 3,184,Saxapahaw,Massage Therapy,6,4,TRUE,Very Low,Low,/services/massage-therapy/saxapahaw/,"Massage Therapy in Saxapahaw, NC"
Phase 3,1,Fuquay Varina,Meditation,1,1177,TRUE,Very High,Very High,/services/meditation/fuquay-varina/,"Meditation in Fuquay Varina, NC"
Phase 3,16,Clayton,Meditation,1,1162,TRUE,Very High,Very High,/services/meditation/clayton/,"Meditation in Clayton, NC"
Phase 3,24,Burlington,Meditation,1,1154,TRUE,Very High,Very High,/services/meditation/burlington/,"Meditation in Burlington, NC"
Phase 3,28,Sanford,Meditation,1,1150,TRUE,Very High,Very High,/services/meditation/sanford/,"Meditation in Sanford, NC"
Phase 3,49,Garner,Meditation,1,1129,TRUE,Very High,Very High,/services/meditation/garner/,"Meditation in Garner, NC"
Phase 3,9,Clayton,Men's Health,1,1169,TRUE,Very High,Very High,/services/men's-health/clayton/,"Men's Health in Clayton, NC"
Phase 3,17,Burlington,Men's Health,1,1161,TRUE,Very High,Very High,/services/men's-health/burlington/,"Men's Health in Burlington, NC"
Phase 3,21,Sanford,Men's Health,1,1157,TRUE,Very High,Very High,/services/men's-health/sanford/,"Men's Health in Sanford, NC"
Phase 3,42,Garner,Men's Health,1,1136,TRUE,Very High,Very High,/services/men's-health/garner/,"Men's Health in Garner, NC"
Phase 3,87,Asheboro,Men's Health,2,883,TRUE,High,High,/services/men's-health/asheboro/,"Men's Health in Asheboro, NC"
Phase 3,89,Holly Springs,Men's Health,2,881,TRUE,High,High,/services/men's-health/holly-springs/,"Men's Health in Holly Springs, NC"
Phase 3,97,Mebane,Men's Health,2,873,TRUE,High,High,/services/men's-health/mebane/,"Men's Health in Mebane, NC"
Phase 3,105,Pittsboro,Men's Health,2,865,TRUE,High,High,/services/men's-health/pittsboro/,"Men's Health in Pittsboro, NC"
Phase 3,108,Graham,Men's Health,2,862,TRUE,High,High,/services/men's-health/graham/,"Men's Health in Graham, NC"
Phase 3,14,Clayton,Neck Pain Treatment,1,1164,TRUE,Very High,Very High,/services/neck-pain-treatment/clayton/,"Neck Pain Treatment in Clayton, NC"
Phase 3,22,Burlington,Neck Pain Treatment,1,1156,TRUE,Very High,Very High,/services/neck-pain-treatment/burlington/,"Neck Pain Treatment in Burlington, NC"
Phase 3,26,Sanford,Neck Pain Treatment,1,1152,TRUE,Very High,Very High,/services/neck-pain-treatment/sanford/,"Neck Pain Treatment in Sanford, NC"
Phase 3,47,Garner,Neck Pain Treatment,1,1131,TRUE,Very High,Very High,/services/neck-pain-treatment/garner/,"Neck Pain Treatment in Garner, NC"
Phase 3,92,Asheboro,Neck Pain Treatment,2,878,TRUE,High,High,/services/neck-pain-treatment/asheboro/,"Neck Pain Treatment in Asheboro, NC"
Phase 3,94,Holly Springs,Neck Pain Treatment,2,876,TRUE,High,High,/services/neck-pain-treatment/holly-springs/,"Neck Pain Treatment in Holly Springs, NC"
Phase 3,102,Mebane,Neck Pain Treatment,2,868,TRUE,High,High,/services/neck-pain-treatment/mebane/,"Neck Pain Treatment in Mebane, NC"
Phase 3,110,Pittsboro,Neck Pain Treatment,2,860,TRUE,High,High,/services/neck-pain-treatment/pittsboro/,"Neck Pain Treatment in Pittsboro, NC"
Phase 3,113,Graham,Neck Pain Treatment,2,857,TRUE,High,High,/services/neck-pain-treatment/graham/,"Neck Pain Treatment in Graham, NC"
Phase 3,3,Burlington,Nutrition Counseling,1,1175,TRUE,Very High,Very High,/services/nutrition-counseling/burlington/,"Nutrition Counseling in Burlington, NC"
Phase 3,7,Sanford,Nutrition Counseling,1,1171,TRUE,Very High,Very High,/services/nutrition-counseling/sanford/,"Nutrition Counseling in Sanford, NC"
Phase 3,28,Garner,Nutrition Counseling,1,1150,TRUE,Very High,Very High,/services/nutrition-counseling/garner/,"Nutrition Counseling in Garner, NC"
Phase 3,73,Asheboro,Nutrition Counseling,2,897,TRUE,High,High,/services/nutrition-counseling/asheboro/,"Nutrition Counseling in Asheboro, NC"
Phase 3,75,Holly Springs,Nutrition Counseling,2,895,TRUE,High,High,/services/nutrition-counseling/holly-springs/,"Nutrition Counseling in Holly Springs, NC"
Phase 3,83,Mebane,Nutrition Counseling,2,887,TRUE,High,High,/services/nutrition-counseling/mebane/,"Nutrition Counseling in Mebane, NC"
Phase 3,91,Pittsboro,Nutrition Counseling,2,879,TRUE,High,High,/services/nutrition-counseling/pittsboro/,"Nutrition Counseling in Pittsboro, NC"
Phase 3,94,Graham,Nutrition Counseling,2,876,TRUE,High,High,/services/nutrition-counseling/graham/,"Nutrition Counseling in Graham, NC"
Phase 3,124,Henderson,Nutrition Counseling,3,657,TRUE,Medium,Medium,/services/nutrition-counseling/henderson/,"Nutrition Counseling in Henderson, NC"
Phase 3,125,Reidsville,Nutrition Counseling,3,656,TRUE,Medium,Medium,/services/nutrition-counseling/reidsville/,"Nutrition Counseling in Reidsville, NC"
Phase 3,126,Morrisville,Nutrition Counseling,3,655,TRUE,Medium,Medium,/services/nutrition-counseling/morrisville/,"Nutrition Counseling in Morrisville, NC"
Phase 3,129,Roxboro,Nutrition Counseling,3,652,TRUE,Medium,Medium,/services/nutrition-counseling/roxboro/,"Nutrition Counseling in Roxboro, NC"
Phase 3,132,Eden,Nutrition Counseling,3,649,TRUE,Medium,Medium,/services/nutrition-counseling/eden/,"Nutrition Counseling in Eden, NC"
Phase 3,134,Gibsonville,Nutrition Counseling,3,647,TRUE,Medium,Medium,/services/nutrition-counseling/gibsonville/,"Nutrition Counseling in Gibsonville, NC"
Phase 3,145,Carrboro,Nutrition Counseling,3,636,TRUE,Medium,Medium,/services/nutrition-counseling/carrboro/,"Nutrition Counseling in Carrboro, NC"
Phase 3,148,Elon,Nutrition Counseling,3,633,TRUE,Medium,Medium,/services/nutrition-counseling/elon/,"Nutrition Counseling in Elon, NC"
Phase 3,168,Rougemont,Nutrition Counseling,4,424,TRUE,Low-Medium,Medium,/services/nutrition-counseling/rougemont/,"Nutrition Counseling in Rougemont, NC"
Phase 3,168,Creedmoor,Nutrition Counseling,4,424,TRUE,Low-Medium,Medium,/services/nutrition-counseling/creedmoor/,"Nutrition Counseling in Creedmoor, NC"
Phase 3,175,Haw River,Nutrition Counseling,4,417,TRUE,Low-Medium,Medium,/services/nutrition-counseling/haw-river/,"Nutrition Counseling in Haw River, NC"
Phase 3,2,Burlington,Occupational Therapy,1,1176,TRUE,Very High,Very High,/services/occupational-therapy/burlington/,"Occupational Therapy in Burlington, NC"
Phase 3,6,Sanford,Occupational Therapy,1,1172,TRUE,Very High,Very High,/services/occupational-therapy/sanford/,"Occupational Therapy in Sanford, NC"
Phase 3,27,Garner,Occupational Therapy,1,1151,TRUE,Very High,Very High,/services/occupational-therapy/garner/,"Occupational Therapy in Garner, NC"
Phase 3,72,Asheboro,Occupational Therapy,2,898,TRUE,High,High,/services/occupational-therapy/asheboro/,"Occupational Therapy in Asheboro, NC"
Phase 3,74,Holly Springs,Occupational Therapy,2,896,TRUE,High,High,/services/occupational-therapy/holly-springs/,"Occupational Therapy in Holly Springs, NC"
Phase 3,82,Mebane,Occupational Therapy,2,888,TRUE,High,High,/services/occupational-therapy/mebane/,"Occupational Therapy in Mebane, NC"
Phase 3,90,Pittsboro,Occupational Therapy,2,880,TRUE,High,High,/services/occupational-therapy/pittsboro/,"Occupational Therapy in Pittsboro, NC"
Phase 3,93,Graham,Occupational Therapy,2,877,TRUE,High,High,/services/occupational-therapy/graham/,"Occupational Therapy in Graham, NC"
Phase 3,123,Henderson,Occupational Therapy,3,658,TRUE,Medium,Medium,/services/occupational-therapy/henderson/,"Occupational Therapy in Henderson, NC"
Phase 3,124,Reidsville,Occupational Therapy,3,657,TRUE,Medium,Medium,/services/occupational-therapy/reidsville/,"Occupational Therapy in Reidsville, NC"
Phase 3,125,Morrisville,Occupational Therapy,3,656,TRUE,Medium,Medium,/services/occupational-therapy/morrisville/,"Occupational Therapy in Morrisville, NC"
Phase 3,128,Roxboro,Occupational Therapy,3,653,TRUE,Medium,Medium,/services/occupational-therapy/roxboro/,"Occupational Therapy in Roxboro, NC"
Phase 3,131,Eden,Occupational Therapy,3,650,TRUE,Medium,Medium,/services/occupational-therapy/eden/,"Occupational Therapy in Eden, NC"
Phase 3,133,Gibsonville,Occupational Therapy,3,648,TRUE,Medium,Medium,/services/occupational-therapy/gibsonville/,"Occupational Therapy in Gibsonville, NC"
Phase 3,144,Carrboro,Occupational Therapy,3,637,TRUE,Medium,Medium,/services/occupational-therapy/carrboro/,"Occupational Therapy in Carrboro, NC"
Phase 3,147,Elon,Occupational Therapy,3,634,TRUE,Medium,Medium,/services/occupational-therapy/elon/,"Occupational Therapy in Elon, NC"
Phase 3,167,Rougemont,Occupational Therapy,4,425,TRUE,Low-Medium,Medium,/services/occupational-therapy/rougemont/,"Occupational Therapy in Rougemont, NC"
Phase 3,167,Creedmoor,Occupational Therapy,4,425,TRUE,Low-Medium,Medium,/services/occupational-therapy/creedmoor/,"Occupational Therapy in Creedmoor, NC"
Phase 3,174,Haw River,Occupational Therapy,4,418,TRUE,Low-Medium,Medium,/services/occupational-therapy/haw-river/,"Occupational Therapy in Haw River, NC"
Phase 3,2,Sanford,Pain Management,1,1176,TRUE,Very High,Very High,/services/pain-management/sanford/,"Pain Management in Sanford, NC"
Phase 3,23,Garner,Pain Management,1,1155,TRUE,Very High,Very High,/services/pain-management/garner/,"Pain Management in Garner, NC"
Phase 3,68,Asheboro,Pain Management,2,902,TRUE,High,High,/services/pain-management/asheboro/,"Pain Management in Asheboro, NC"
Phase 3,70,Holly Springs,Pain Management,2,900,TRUE,High,High,/services/pain-management/holly-springs/,"Pain Management in Holly Springs, NC"
Phase 3,78,Mebane,Pain Management,2,892,TRUE,High,High,/services/pain-management/mebane/,"Pain Management in Mebane, NC"
Phase 3,86,Pittsboro,Pain Management,2,884,TRUE,High,High,/services/pain-management/pittsboro/,"Pain Management in Pittsboro, NC"
Phase 3,89,Graham,Pain Management,2,881,TRUE,High,High,/services/pain-management/graham/,"Pain Management in Graham, NC"
Phase 3,119,Henderson,Pain Management,3,662,TRUE,Medium,Medium,/services/pain-management/henderson/,"Pain Management in Henderson, NC"
Phase 3,120,Reidsville,Pain Management,3,661,TRUE,Medium,Medium,/services/pain-management/reidsville/,"Pain Management in Reidsville, NC"
Phase 3,121,Morrisville,Pain Management,3,660,TRUE,Medium,Medium,/services/pain-management/morrisville/,"Pain Management in Morrisville, NC"
Phase 3,124,Roxboro,Pain Management,3,657,TRUE,Medium,Medium,/services/pain-management/roxboro/,"Pain Management in Roxboro, NC"
Phase 3,127,Eden,Pain Management,3,654,TRUE,Medium,Medium,/services/pain-management/eden/,"Pain Management in Eden, NC"
Phase 3,129,Gibsonville,Pain Management,3,652,TRUE,Medium,Medium,/services/pain-management/gibsonville/,"Pain Management in Gibsonville, NC"
Phase 3,140,Carrboro,Pain Management,3,641,TRUE,Medium,Medium,/services/pain-management/carrboro/,"Pain Management in Carrboro, NC"
Phase 3,143,Elon,Pain Management,3,638,TRUE,Medium,Medium,/services/pain-management/elon/,"Pain Management in Elon, NC"
Phase 3,163,Rougemont,Pain Management,4,429,TRUE,Low-Medium,Medium,/services/pain-management/rougemont/,"Pain Management in Rougemont, NC"
Phase 3,163,Creedmoor,Pain Management,4,429,TRUE,Low-Medium,Medium,/services/pain-management/creedmoor/,"Pain Management in Creedmoor, NC"
Phase 3,170,Haw River,Pain Management,4,422,TRUE,Low-Medium,Medium,/services/pain-management/haw-river/,"Pain Management in Haw River, NC"
Phase 3,185,Butner,Pain Management,6,3,TRUE,Very Low,Low,/services/pain-management/butner/,"Pain Management in Butner, NC"
Phase 3,186,Saxapahaw,Pain Management,6,2,TRUE,Very Low,Low,/services/pain-management/saxapahaw/,"Pain Management in Saxapahaw, NC"
Phase 3,3,Fuquay Varina,Pediatric Therapy,1,1175,TRUE,Very High,Very High,/services/pediatric-therapy/fuquay-varina/,"Pediatric Therapy in Fuquay Varina, NC"
Phase 3,18,Clayton,Pediatric Therapy,1,1160,TRUE,Very High,Very High,/services/pediatric-therapy/clayton/,"Pediatric Therapy in Clayton, NC"
Phase 3,26,Burlington,Pediatric Therapy,1,1152,TRUE,Very High,Very High,/services/pediatric-therapy/burlington/,"Pediatric Therapy in Burlington, NC"
Phase 3,30,Sanford,Pediatric Therapy,1,1148,TRUE,Very High,Very High,/services/pediatric-therapy/sanford/,"Pediatric Therapy in Sanford, NC"
Phase 3,51,Garner,Pediatric Therapy,1,1127,TRUE,Very High,Very High,/services/pediatric-therapy/garner/,"Pediatric Therapy in Garner, NC"
Phase 3,20,Garner,Physical Therapy,1,1158,TRUE,Very High,Very High,/services/physical-therapy/garner/,"Physical Therapy in Garner, NC"
Phase 3,65,Asheboro,Physical Therapy,2,905,TRUE,High,High,/services/physical-therapy/asheboro/,"Physical Therapy in Asheboro, NC"
Phase 3,67,Holly Springs,Physical Therapy,2,903,TRUE,High,High,/services/physical-therapy/holly-springs/,"Physical Therapy in Holly Springs, NC"
Phase 3,75,Mebane,Physical Therapy,2,895,TRUE,High,High,/services/physical-therapy/mebane/,"Physical Therapy in Mebane, NC"
Phase 3,83,Pittsboro,Physical Therapy,2,887,TRUE,High,High,/services/physical-therapy/pittsboro/,"Physical Therapy in Pittsboro, NC"
Phase 3,86,Graham,Physical Therapy,2,884,TRUE,High,High,/services/physical-therapy/graham/,"Physical Therapy in Graham, NC"
Phase 3,116,Henderson,Physical Therapy,3,665,TRUE,Medium,Medium,/services/physical-therapy/henderson/,"Physical Therapy in Henderson, NC"
Phase 3,117,Reidsville,Physical Therapy,3,664,TRUE,Medium,Medium,/services/physical-therapy/reidsville/,"Physical Therapy in Reidsville, NC"
Phase 3,118,Morrisville,Physical Therapy,3,663,TRUE,Medium,Medium,/services/physical-therapy/morrisville/,"Physical Therapy in Morrisville, NC"
Phase 3,121,Roxboro,Physical Therapy,3,660,TRUE,Medium,Medium,/services/physical-therapy/roxboro/,"Physical Therapy in Roxboro, NC"
Phase 3,124,Eden,Physical Therapy,3,657,TRUE,Medium,Medium,/services/physical-therapy/eden/,"Physical Therapy in Eden, NC"
Phase 3,126,Gibsonville,Physical Therapy,3,655,TRUE,Medium,Medium,/services/physical-therapy/gibsonville/,"Physical Therapy in Gibsonville, NC"
Phase 3,137,Carrboro,Physical Therapy,3,644,TRUE,Medium,Medium,/services/physical-therapy/carrboro/,"Physical Therapy in Carrboro, NC"
Phase 3,140,Elon,Physical Therapy,3,641,TRUE,Medium,Medium,/services/physical-therapy/elon/,"Physical Therapy in Elon, NC"
Phase 3,160,Rougemont,Physical Therapy,4,432,TRUE,Low-Medium,Medium,/services/physical-therapy/rougemont/,"Physical Therapy in Rougemont, NC"
Phase 3,160,Creedmoor,Physical Therapy,4,432,TRUE,Low-Medium,Medium,/services/physical-therapy/creedmoor/,"Physical Therapy in Creedmoor, NC"
Phase 3,167,Haw River,Physical Therapy,4,425,TRUE,Low-Medium,Medium,/services/physical-therapy/haw-river/,"Physical Therapy in Haw River, NC"
Phase 3,182,Butner,Physical Therapy,6,6,TRUE,Very Low,Low,/services/physical-therapy/butner/,"Physical Therapy in Butner, NC"
Phase 3,183,Saxapahaw,Physical Therapy,6,5,TRUE,Very Low,Low,/services/physical-therapy/saxapahaw/,"Physical Therapy in Saxapahaw, NC"
Phase 3,5,Fuquay Varina,Postpartum Care,1,1173,TRUE,Very High,Very High,/services/postpartum-care/fuquay-varina/,"Postpartum Care in Fuquay Varina, NC"
Phase 3,20,Clayton,Postpartum Care,1,1158,TRUE,Very High,Very High,/services/postpartum-care/clayton/,"Postpartum Care in Clayton, NC"
Phase 3,28,Burlington,Postpartum Care,1,1150,TRUE,Very High,Very High,/services/postpartum-care/burlington/,"Postpartum Care in Burlington, NC"
Phase 3,32,Sanford,Postpartum Care,1,1146,TRUE,Very High,Very High,/services/postpartum-care/sanford/,"Postpartum Care in Sanford, NC"
Phase 3,53,Garner,Postpartum Care,1,1125,TRUE,Very High,Very High,/services/postpartum-care/garner/,"Postpartum Care in Garner, NC"
Phase 3,10,Clayton,Prenatal Care,1,1168,TRUE,Very High,Very High,/services/prenatal-care/clayton/,"Prenatal Care in Clayton, NC"
Phase 3,18,Burlington,Prenatal Care,1,1160,TRUE,Very High,Very High,/services/prenatal-care/burlington/,"Prenatal Care in Burlington, NC"
Phase 3,22,Sanford,Prenatal Care,1,1156,TRUE,Very High,Very High,/services/prenatal-care/sanford/,"Prenatal Care in Sanford, NC"
Phase 3,43,Garner,Prenatal Care,1,1135,TRUE,Very High,Very High,/services/prenatal-care/garner/,"Prenatal Care in Garner, NC"
Phase 3,88,Asheboro,Prenatal Care,2,882,TRUE,High,High,/services/prenatal-care/asheboro/,"Prenatal Care in Asheboro, NC"
Phase 3,90,Holly Springs,Prenatal Care,2,880,TRUE,High,High,/services/prenatal-care/holly-springs/,"Prenatal Care in Holly Springs, NC"
Phase 3,98,Mebane,Prenatal Care,2,872,TRUE,High,High,/services/prenatal-care/mebane/,"Prenatal Care in Mebane, NC"
Phase 3,106,Pittsboro,Prenatal Care,2,864,TRUE,High,High,/services/prenatal-care/pittsboro/,"Prenatal Care in Pittsboro, NC"
Phase 3,109,Graham,Prenatal Care,2,861,TRUE,High,High,/services/prenatal-care/graham/,"Prenatal Care in Graham, NC"
Phase 3,9,Fuquay Varina,PTSD Therapy,1,1169,TRUE,Very High,Very High,/services/ptsd-therapy/fuquay-varina/,"PTSD Therapy in Fuquay Varina, NC"
Phase 3,24,Clayton,PTSD Therapy,1,1154,TRUE,Very High,Very High,/services/ptsd-therapy/clayton/,"PTSD Therapy in Clayton, NC"
Phase 3,32,Burlington,PTSD Therapy,1,1146,TRUE,Very High,Very High,/services/ptsd-therapy/burlington/,"PTSD Therapy in Burlington, NC"
Phase 3,36,Sanford,PTSD Therapy,1,1142,TRUE,Very High,Very High,/services/ptsd-therapy/sanford/,"PTSD Therapy in Sanford, NC"
Phase 3,57,Garner,PTSD Therapy,1,1121,TRUE,Very High,Very High,/services/ptsd-therapy/garner/,"PTSD Therapy in Garner, NC"
Phase 3,12,Clayton,Rehabilitation,1,1166,TRUE,Very High,Very High,/services/rehabilitation/clayton/,"Rehabilitation in Clayton, NC"
Phase 3,20,Burlington,Rehabilitation,1,1158,TRUE,Very High,Very High,/services/rehabilitation/burlington/,"Rehabilitation in Burlington, NC"
Phase 3,24,Sanford,Rehabilitation,1,1154,TRUE,Very High,Very High,/services/rehabilitation/sanford/,"Rehabilitation in Sanford, NC"
Phase 3,45,Garner,Rehabilitation,1,1133,TRUE,Very High,Very High,/services/rehabilitation/garner/,"Rehabilitation in Garner, NC"
Phase 3,90,Asheboro,Rehabilitation,2,880,TRUE,High,High,/services/rehabilitation/asheboro/,"Rehabilitation in Asheboro, NC"
Phase 3,92,Holly Springs,Rehabilitation,2,878,TRUE,High,High,/services/rehabilitation/holly-springs/,"Rehabilitation in Holly Springs, NC"
Phase 3,100,Mebane,Rehabilitation,2,870,TRUE,High,High,/services/rehabilitation/mebane/,"Rehabilitation in Mebane, NC"
Phase 3,108,Pittsboro,Rehabilitation,2,862,TRUE,High,High,/services/rehabilitation/pittsboro/,"Rehabilitation in Pittsboro, NC"
Phase 3,111,Graham,Rehabilitation,2,859,TRUE,High,High,/services/rehabilitation/graham/,"Rehabilitation in Graham, NC"
Phase 3,4,Clayton,Sleep Therapy,1,1174,TRUE,Very High,Very High,/services/sleep-therapy/clayton/,"Sleep Therapy in Clayton, NC"
Phase 3,12,Burlington,Sleep Therapy,1,1166,TRUE,Very High,Very High,/services/sleep-therapy/burlington/,"Sleep Therapy in Burlington, NC"
Phase 3,16,Sanford,Sleep Therapy,1,1162,TRUE,Very High,Very High,/services/sleep-therapy/sanford/,"Sleep Therapy in Sanford, NC"
Phase 3,37,Garner,Sleep Therapy,1,1141,TRUE,Very High,Very High,/services/sleep-therapy/garner/,"Sleep Therapy in Garner, NC"
Phase 3,82,Asheboro,Sleep Therapy,2,888,TRUE,High,High,/services/sleep-therapy/asheboro/,"Sleep Therapy in Asheboro, NC"
Phase 3,84,Holly Springs,Sleep Therapy,2,886,TRUE,High,High,/services/sleep-therapy/holly-springs/,"Sleep Therapy in Holly Springs, NC"
Phase 3,92,Mebane,Sleep Therapy,2,878,TRUE,High,High,/services/sleep-therapy/mebane/,"Sleep Therapy in Mebane, NC"
Phase 3,100,Pittsboro,Sleep Therapy,2,870,TRUE,High,High,/services/sleep-therapy/pittsboro/,"Sleep Therapy in Pittsboro, NC"
Phase 3,103,Graham,Sleep Therapy,2,867,TRUE,High,High,/services/sleep-therapy/graham/,"Sleep Therapy in Graham, NC"
Phase 3,133,Henderson,Sleep Therapy,3,648,TRUE,Medium,Medium,/services/sleep-therapy/henderson/,"Sleep Therapy in Henderson, NC"
Phase 3,134,Reidsville,Sleep Therapy,3,647,TRUE,Medium,Medium,/services/sleep-therapy/reidsville/,"Sleep Therapy in Reidsville, NC"
Phase 3,135,Morrisville,Sleep Therapy,3,646,TRUE,Medium,Medium,/services/sleep-therapy/morrisville/,"Sleep Therapy in Morrisville, NC"
Phase 3,138,Roxboro,Sleep Therapy,3,643,TRUE,Medium,Medium,/services/sleep-therapy/roxboro/,"Sleep Therapy in Roxboro, NC"
Phase 3,141,Eden,Sleep Therapy,3,640,TRUE,Medium,Medium,/services/sleep-therapy/eden/,"Sleep Therapy in Eden, NC"
Phase 3,143,Gibsonville,Sleep Therapy,3,638,TRUE,Medium,Medium,/services/sleep-therapy/gibsonville/,"Sleep Therapy in Gibsonville, NC"
Phase 3,154,Carrboro,Sleep Therapy,3,627,TRUE,Medium,Medium,/services/sleep-therapy/carrboro/,"Sleep Therapy in Carrboro, NC"
Phase 3,157,Elon,Sleep Therapy,3,624,TRUE,Medium,Medium,/services/sleep-therapy/elon/,"Sleep Therapy in Elon, NC"
Phase 3,1,Burlington,Sports Medicine,1,1177,TRUE,Very High,Very High,/services/sports-medicine/burlington/,"Sports Medicine in Burlington, NC"
Phase 3,5,Sanford,Sports Medicine,1,1173,TRUE,Very High,Very High,/services/sports-medicine/sanford/,"Sports Medicine in Sanford, NC"
Phase 3,26,Garner,Sports Medicine,1,1152,TRUE,Very High,Very High,/services/sports-medicine/garner/,"Sports Medicine in Garner, NC"
Phase 3,71,Asheboro,Sports Medicine,2,899,TRUE,High,High,/services/sports-medicine/asheboro/,"Sports Medicine in Asheboro, NC"
Phase 3,73,Holly Springs,Sports Medicine,2,897,TRUE,High,High,/services/sports-medicine/holly-springs/,"Sports Medicine in Holly Springs, NC"
Phase 3,81,Mebane,Sports Medicine,2,889,TRUE,High,High,/services/sports-medicine/mebane/,"Sports Medicine in Mebane, NC"
Phase 3,89,Pittsboro,Sports Medicine,2,881,TRUE,High,High,/services/sports-medicine/pittsboro/,"Sports Medicine in Pittsboro, NC"
Phase 3,92,Graham,Sports Medicine,2,878,TRUE,High,High,/services/sports-medicine/graham/,"Sports Medicine in Graham, NC"
Phase 3,122,Henderson,Sports Medicine,3,659,TRUE,Medium,Medium,/services/sports-medicine/henderson/,"Sports Medicine in Henderson, NC"
Phase 3,123,Reidsville,Sports Medicine,3,658,TRUE,Medium,Medium,/services/sports-medicine/reidsville/,"Sports Medicine in Reidsville, NC"
Phase 3,124,Morrisville,Sports Medicine,3,657,TRUE,Medium,Medium,/services/sports-medicine/morrisville/,"Sports Medicine in Morrisville, NC"
Phase 3,127,Roxboro,Sports Medicine,3,654,TRUE,Medium,Medium,/services/sports-medicine/roxboro/,"Sports Medicine in Roxboro, NC"
Phase 3,130,Eden,Sports Medicine,3,651,TRUE,Medium,Medium,/services/sports-medicine/eden/,"Sports Medicine in Eden, NC"
Phase 3,132,Gibsonville,Sports Medicine,3,649,TRUE,Medium,Medium,/services/sports-medicine/gibsonville/,"Sports Medicine in Gibsonville, NC"
Phase 3,143,Carrboro,Sports Medicine,3,638,TRUE,Medium,Medium,/services/sports-medicine/carrboro/,"Sports Medicine in Carrboro, NC"
Phase 3,146,Elon,Sports Medicine,3,635,TRUE,Medium,Medium,/services/sports-medicine/elon/,"Sports Medicine in Elon, NC"
Phase 3,166,Rougemont,Sports Medicine,4,426,TRUE,Low-Medium,Medium,/services/sports-medicine/rougemont/,"Sports Medicine in Rougemont, NC"
Phase 3,166,Creedmoor,Sports Medicine,4,426,TRUE,Low-Medium,Medium,/services/sports-medicine/creedmoor/,"Sports Medicine in Creedmoor, NC"
Phase 3,173,Haw River,Sports Medicine,4,419,TRUE,Low-Medium,Medium,/services/sports-medicine/haw-river/,"Sports Medicine in Haw River, NC"
Phase 3,3,Clayton,Stress Management,1,1175,TRUE,Very High,Very High,/services/stress-management/clayton/,"Stress Management in Clayton, NC"
Phase 3,11,Burlington,Stress Management,1,1167,TRUE,Very High,Very High,/services/stress-management/burlington/,"Stress Management in Burlington, NC"
Phase 3,15,Sanford,Stress Management,1,1163,TRUE,Very High,Very High,/services/stress-management/sanford/,"Stress Management in Sanford, NC"
Phase 3,36,Garner,Stress Management,1,1142,TRUE,Very High,Very High,/services/stress-management/garner/,"Stress Management in Garner, NC"
Phase 3,81,Asheboro,Stress Management,2,889,TRUE,High,High,/services/stress-management/asheboro/,"Stress Management in Asheboro, NC"
Phase 3,83,Holly Springs,Stress Management,2,887,TRUE,High,High,/services/stress-management/holly-springs/,"Stress Management in Holly Springs, NC"
Phase 3,91,Mebane,Stress Management,2,879,TRUE,High,High,/services/stress-management/mebane/,"Stress Management in Mebane, NC"
Phase 3,99,Pittsboro,Stress Management,2,871,TRUE,High,High,/services/stress-management/pittsboro/,"Stress Management in Pittsboro, NC"
Phase 3,102,Graham,Stress Management,2,868,TRUE,High,High,/services/stress-management/graham/,"Stress Management in Graham, NC"
Phase 3,132,Henderson,Stress Management,3,649,TRUE,Medium,Medium,/services/stress-management/henderson/,"Stress Management in Henderson, NC"
Phase 3,133,Reidsville,Stress Management,3,648,TRUE,Medium,Medium,/services/stress-management/reidsville/,"Stress Management in Reidsville, NC"
Phase 3,134,Morrisville,Stress Management,3,647,TRUE,Medium,Medium,/services/stress-management/morrisville/,"Stress Management in Morrisville, NC"
Phase 3,137,Roxboro,Stress Management,3,644,TRUE,Medium,Medium,/services/stress-management/roxboro/,"Stress Management in Roxboro, NC"
Phase 3,140,Eden,Stress Management,3,641,TRUE,Medium,Medium,/services/stress-management/eden/,"Stress Management in Eden, NC"
Phase 3,142,Gibsonville,Stress Management,3,639,TRUE,Medium,Medium,/services/stress-management/gibsonville/,"Stress Management in Gibsonville, NC"
Phase 3,153,Carrboro,Stress Management,3,628,TRUE,Medium,Medium,/services/stress-management/carrboro/,"Stress Management in Carrboro, NC"
Phase 3,156,Elon,Stress Management,3,625,TRUE,Medium,Medium,/services/stress-management/elon/,"Stress Management in Elon, NC"
Phase 3,4,Sanford,Weight Loss,1,1174,TRUE,Very High,Very High,/services/weight-loss/sanford/,"Weight Loss in Sanford, NC"
Phase 3,25,Garner,Weight Loss,1,1153,TRUE,Very High,Very High,/services/weight-loss/garner/,"Weight Loss in Garner, NC"
Phase 3,70,Asheboro,Weight Loss,2,900,TRUE,High,High,/services/weight-loss/asheboro/,"Weight Loss in Asheboro, NC"
Phase 3,72,Holly Springs,Weight Loss,2,898,TRUE,High,High,/services/weight-loss/holly-springs/,"Weight Loss in Holly Springs, NC"
Phase 3,80,Mebane,Weight Loss,2,890,TRUE,High,High,/services/weight-loss/mebane/,"Weight Loss in Mebane, NC"
Phase 3,88,Pittsboro,Weight Loss,2,882,TRUE,High,High,/services/weight-loss/pittsboro/,"Weight Loss in Pittsboro, NC"
Phase 3,91,Graham,Weight Loss,2,879,TRUE,High,High,/services/weight-loss/graham/,"Weight Loss in Graham, NC"
Phase 3,121,Henderson,Weight Loss,3,660,TRUE,Medium,Medium,/services/weight-loss/henderson/,"Weight Loss in Henderson, NC"
Phase 3,122,Reidsville,Weight Loss,3,659,TRUE,Medium,Medium,/services/weight-loss/reidsville/,"Weight Loss in Reidsville, NC"
Phase 3,123,Morrisville,Weight Loss,3,658,TRUE,Medium,Medium,/services/weight-loss/morrisville/,"Weight Loss in Morrisville, NC"
Phase 3,126,Roxboro,Weight Loss,3,655,TRUE,Medium,Medium,/services/weight-loss/roxboro/,"Weight Loss in Roxboro, NC"
Phase 3,129,Eden,Weight Loss,3,652,TRUE,Medium,Medium,/services/weight-loss/eden/,"Weight Loss in Eden, NC"
Phase 3,131,Gibsonville,Weight Loss,3,650,TRUE,Medium,Medium,/services/weight-loss/gibsonville/,"Weight Loss in Gibsonville, NC"
Phase 3,142,Carrboro,Weight Loss,3,639,TRUE,Medium,Medium,/services/weight-loss/carrboro/,"Weight Loss in Carrboro, NC"
Phase 3,145,Elon,Weight Loss,3,636,TRUE,Medium,Medium,/services/weight-loss/elon/,"Weight Loss in Elon, NC"
Phase 3,165,Rougemont,Weight Loss,4,427,TRUE,Low-Medium,Medium,/services/weight-loss/rougemont/,"Weight Loss in Rougemont, NC"
Phase 3,165,Creedmoor,Weight Loss,4,427,TRUE,Low-Medium,Medium,/services/weight-loss/creedmoor/,"Weight Loss in Creedmoor, NC"
Phase 3,172,Haw River,Weight Loss,4,420,TRUE,Low-Medium,Medium,/services/weight-loss/haw-river/,"Weight Loss in Haw River, NC"
Phase 3,1,Clayton,Wellness Coaching,1,1177,TRUE,Very High,Very High,/services/wellness-coaching/clayton/,"Wellness Coaching in Clayton, NC"
Phase 3,9,Burlington,Wellness Coaching,1,1169,TRUE,Very High,Very High,/services/wellness-coaching/burlington/,"Wellness Coaching in Burlington, NC"
Phase 3,13,Sanford,Wellness Coaching,1,1165,TRUE,Very High,Very High,/services/wellness-coaching/sanford/,"Wellness Coaching in Sanford, NC"
Phase 3,34,Garner,Wellness Coaching,1,1144,TRUE,Very High,Very High,/services/wellness-coaching/garner/,"Wellness Coaching in Garner, NC"
Phase 3,79,Asheboro,Wellness Coaching,2,891,TRUE,High,High,/services/wellness-coaching/asheboro/,"Wellness Coaching in Asheboro, NC"
Phase 3,81,Holly Springs,Wellness Coaching,2,889,TRUE,High,High,/services/wellness-coaching/holly-springs/,"Wellness Coaching in Holly Springs, NC"
Phase 3,89,Mebane,Wellness Coaching,2,881,TRUE,High,High,/services/wellness-coaching/mebane/,"Wellness Coaching in Mebane, NC"
Phase 3,97,Pittsboro,Wellness Coaching,2,873,TRUE,High,High,/services/wellness-coaching/pittsboro/,"Wellness Coaching in Pittsboro, NC"
Phase 3,100,Graham,Wellness Coaching,2,870,TRUE,High,High,/services/wellness-coaching/graham/,"Wellness Coaching in Graham, NC"
Phase 3,130,Henderson,Wellness Coaching,3,651,TRUE,Medium,Medium,/services/wellness-coaching/henderson/,"Wellness Coaching in Henderson, NC"
Phase 3,131,Reidsville,Wellness Coaching,3,650,TRUE,Medium,Medium,/services/wellness-coaching/reidsville/,"Wellness Coaching in Reidsville, NC"
Phase 3,132,Morrisville,Wellness Coaching,3,649,TRUE,Medium,Medium,/services/wellness-coaching/morrisville/,"Wellness Coaching in Morrisville, NC"
Phase 3,135,Roxboro,Wellness Coaching,3,646,TRUE,Medium,Medium,/services/wellness-coaching/roxboro/,"Wellness Coaching in Roxboro, NC"
Phase 3,138,Eden,Wellness Coaching,3,643,TRUE,Medium,Medium,/services/wellness-coaching/eden/,"Wellness Coaching in Eden, NC"
Phase 3,140,Gibsonville,Wellness Coaching,3,641,TRUE,Medium,Medium,/services/wellness-coaching/gibsonville/,"Wellness Coaching in Gibsonville, NC"
Phase 3,151,Carrboro,Wellness Coaching,3,630,TRUE,Medium,Medium,/services/wellness-coaching/carrboro/,"Wellness Coaching in Carrboro, NC"
Phase 3,154,Elon,Wellness Coaching,3,627,TRUE,Medium,Medium,/services/wellness-coaching/elon/,"Wellness Coaching in Elon, NC"
Phase 3,8,Clayton,Women's Health,1,1170,TRUE,Very High,Very High,/services/women's-health/clayton/,"Women's Health in Clayton, NC"
Phase 3,16,Burlington,Women's Health,1,1162,TRUE,Very High,Very High,/services/women's-health/burlington/,"Women's Health in Burlington, NC"
Phase 3,20,Sanford,Women's Health,1,1158,TRUE,Very High,Very High,/services/women's-health/sanford/,"Women's Health in Sanford, NC"
Phase 3,41,Garner,Women's Health,1,1137,TRUE,Very High,Very High,/services/women's-health/garner/,"Women's Health in Garner, NC"
Phase 3,86,Asheboro,Women's Health,2,884,TRUE,High,High,/services/women's-health/asheboro/,"Women's Health in Asheboro, NC"
Phase 3,88,Holly Springs,Women's Health,2,882,TRUE,High,High,/services/women's-health/holly-springs/,"Women's Health in Holly Springs, NC"
Phase 3,96,Mebane,Women's Health,2,874,TRUE,High,High,/services/women's-health/mebane/,"Women's Health in Mebane, NC"
Phase 3,104,Pittsboro,Women's Health,2,866,TRUE,High,High,/services/women's-health/pittsboro/,"Women's Health in Pittsboro, NC"
Phase 3,107,Graham,Women's Health,2,863,TRUE,High,High,/services/women's-health/graham/,"Women's Health in Graham, NC"
Phase 3,2,Clayton,Yoga Therapy,1,1176,TRUE,Very High,Very High,/services/yoga-therapy/clayton/,"Yoga Therapy in Clayton, NC"
Phase 3,10,Burlington,Yoga Therapy,1,1168,TRUE,Very High,Very High,/services/yoga-therapy/burlington/,"Yoga Therapy in Burlington, NC"
Phase 3,14,Sanford,Yoga Therapy,1,1164,TRUE,Very High,Very High,/services/yoga-therapy/sanford/,"Yoga Therapy in Sanford, NC"
Phase 3,35,Garner,Yoga Therapy,1,1143,TRUE,Very High,Very High,/services/yoga-therapy/garner/,"Yoga Therapy in Garner, NC"
Phase 3,80,Asheboro,Yoga Therapy,2,890,TRUE,High,High,/services/yoga-therapy/asheboro/,"Yoga Therapy in Asheboro, NC"
Phase 3,82,Holly Springs,Yoga Therapy,2,888,TRUE,High,High,/services/yoga-therapy/holly-springs/,"Yoga Therapy in Holly Springs, NC"
Phase 3,90,Mebane,Yoga Therapy,2,880,TRUE,High,High,/services/yoga-therapy/mebane/,"Yoga Therapy in Mebane, NC"
Phase 3,98,Pittsboro,Yoga Therapy,2,872,TRUE,High,High,/services/yoga-therapy/pittsboro/,"Yoga Therapy in Pittsboro, NC"
Phase 3,101,Graham,Yoga Therapy,2,869,TRUE,High,High,/services/yoga-therapy/graham/,"Yoga Therapy in Graham, NC"
Phase 3,131,Henderson,Yoga Therapy,3,650,TRUE,Medium,Medium,/services/yoga-therapy/henderson/,"Yoga Therapy in Henderson, NC"
Phase 3,132,Reidsville,Yoga Therapy,3,649,TRUE,Medium,Medium,/services/yoga-therapy/reidsville/,"Yoga Therapy in Reidsville, NC"
Phase 3,133,Morrisville,Yoga Therapy,3,648,TRUE,Medium,Medium,/services/yoga-therapy/morrisville/,"Yoga Therapy in Morrisville, NC"
Phase 3,136,Roxboro,Yoga Therapy,3,645,TRUE,Medium,Medium,/services/yoga-therapy/roxboro/,"Yoga Therapy in Roxboro, NC"
Phase 3,139,Eden,Yoga Therapy,3,642,TRUE,Medium,Medium,/services/yoga-therapy/eden/,"Yoga Therapy in Eden, NC"
Phase 3,141,Gibsonville,Yoga Therapy,3,640,TRUE,Medium,Medium,/services/yoga-therapy/gibsonville/,"Yoga Therapy in Gibsonville, NC"
Phase 3,152,Carrboro,Yoga Therapy,3,629,TRUE,Medium,Medium,/services/yoga-therapy/carrboro/,"Yoga Therapy in Carrboro, NC"
Phase 3,155,Elon,Yoga Therapy,3,626,TRUE,Medium,Medium,/services/yoga-therapy/elon/,"Yoga Therapy in Elon, NC"